from_date,to_date,role,change_type,words_added,words_removed,word_diff
2016-01-27,2016-03-16,economy,changed,41,39,"[-December-] [+January+] [-labor market conditions improved further even as-] [-growth slowed late last year.-] [+activity has been expanding at a moderate pace despite the global economic and financial developments of recent months.+] [-and business fixed investment have-] [+has+] [+a+] [-rates in recent months,-] [+rate,+] [+business fixed investment and+] [-soft and inventory investment slowed.-] [+soft.+] [-labor market-] [-some-] [-decline-] [+strengthening of the labor market. Inflation picked up+] [-underutilization of labor resources. Inflation has-] [+recent months; however, it+] [-declined further;-] [+remain low;+]"
2016-01-27,2016-03-16,mandate,changed,16,29,"[+However, global economic and financial developments continue to pose risks.+] [-the further-] [+earlier+] [-is closely monitoring global economic and financial-] [+continues to monitor inflation+] [-and is assessing their implications for the labor market and inflation, and for the balance of risks to the outlook.-] [+closely.+]"
2016-01-27,2016-03-16,policy,changed,3,4,"[-Given the economic outlook,-] [+Against this backdrop,+]"
2016-01-27,2016-03-16,guidance,unchanged,0,0,
2016-01-27,2016-03-16,balance_sheet,unchanged,0,0,
2016-01-27,2016-03-16,vote_for,changed,28,3,"[-Esther L. George;-] [+Voting against the action was Esther L. George, who preferred at this meeting to raise the target range for the federal funds rate to 1/2 to 3/4 percent.+]"
2016-03-16,2016-04-27,economy,changed,43,34,"[-January suggests-] [+March indicates+] [+labor market conditions have improved further even as growth in+] [+appears to have slowed. Growth in household spending+] [-been expanding-] [+moderated, although households' real income has risen+] [-moderate pace despite-] [+solid rate and consumer sentiment remains high. Since+] [-global economic and financial developments-] [+beginning+] [-recent months. Household spending has been increasing at a moderate rate, and-] [+the year,+] [-further; however,-] [+further but+] [-picked up in recent months; however, it-] [+has+] [+earlier+] [-in-] [+falling+]"
2016-03-16,2016-04-27,mandate,changed,8,12,"[-However, global economic and financial developments continue to pose risks.-] [+closely+] [-developments closely.-] [+indicators and global economic and financial developments.+]"
2016-03-16,2016-04-27,policy,unchanged,0,0,
2016-03-16,2016-04-27,guidance,unchanged,0,0,
2016-03-16,2016-04-27,balance_sheet,unchanged,0,0,
2016-03-16,2016-04-27,vote_for,unchanged,0,0,
2016-04-27,2016-06-15,economy,changed,40,50,"[-March-] [+April+] [+the pace of improvement in the+] [-conditions have improved further even as-] [+has slowed while+] [-slowed.-] [+picked up. Although the unemployment rate has declined, job gains have diminished.+] [-moderated, although households' real income has risen at a solid rate and consumer sentiment remains high.-] [+strengthened.+] [-improved further-] [+continued to improve and the drag from net exports appears to have lessened,+] [-and net exports have-] [+has+] [-A range of recent indicators, including strong job gains, points to additional strengthening of the labor market.-] [-falling-] [+in+] [-remain low;-] [+declined; most+]"
2016-04-27,2016-06-15,mandate,changed,1,2,[-continue to-] [+past+]
2016-04-27,2016-06-15,policy,unchanged,0,0,
2016-04-27,2016-06-15,guidance,unchanged,0,0,
2016-04-27,2016-06-15,balance_sheet,unchanged,0,0,
2016-04-27,2016-06-15,vote_for,changed,3,28,"[+Esther L. George;+] [-Voting against the action was Esther L. George, who preferred at this meeting to raise the target range for the federal funds rate to 1/2 to 3/4 percent.-]"
2016-06-15,2016-07-27,economy,changed,43,51,"[-April-] [+June+] [-pace of improvement in the-] [+strengthened and that economic activity+] [-slowed while-] [+been expanding at a moderate rate. Job gains were strong in June following weak+] [-economic activity appears-] [+May. On balance, payrolls and other labor market indicators point+] [-have picked up. Although the unemployment rate has declined, job gains have diminished. Growth-] [+some increase+] [-household-] [+labor utilization in recent months. Household+] [-strengthened. Since the beginning of the year, the housing sector has continued to improve and the drag from net exports appears to have lessened,-] [+been growing strongly+] [-declined;-] [+remain low;+]"
2016-06-15,2016-07-27,mandate,changed,8,0,[+Near-term risks to the economic outlook have diminished.+]
2016-06-15,2016-07-27,policy,unchanged,0,0,
2016-06-15,2016-07-27,guidance,unchanged,0,0,
2016-06-15,2016-07-27,balance_sheet,unchanged,0,0,
2016-06-15,2016-07-27,vote_for,changed,28,3,"[-Esther L. George;-] [+Voting against the action was Esther L. George, who preferred at this meeting to raise the target range for the federal funds rate to 1/2 to 3/4 percent.+]"
2016-07-27,2016-09-21,economy,changed,36,36,"[-June-] [+July+] [-strengthened-] [+has continued to strengthen+] [-that-] [+growth of+] [-been expanding at a moderate rate. Job gains were strong-] [+picked up from the modest pace seen+] [-June following weak growth in May. On balance, payrolls and other labor market indicators point to some increase in labor utilization-] [+the first half of this year. Although the unemployment rate is little changed+] [-months.-] [+months, job gains have been solid, on average.+] [-been-] [+remained+]"
2016-07-27,2016-09-21,mandate,changed,7,5,[-currently-] [-indicators-] [+conditions+] [-strengthen.-] [+strengthen somewhat further.+] [-have diminished.-] [+appear roughly balanced.+]
2016-07-27,2016-09-21,policy,changed,33,0,"[+Committee judges that the case for an increase in the federal funds rate has strengthened but decided, for the time being, to wait for further evidence of continued progress toward its objectives. The+]"
2016-07-27,2016-09-21,guidance,unchanged,0,0,
2016-07-27,2016-09-21,balance_sheet,unchanged,0,0,
2016-07-27,2016-09-21,vote_for,changed,10,7,"[-Loretta J. Mester;-] [-Eric Rosengren;-] [-was-] [+were:+] [-who-] [+Loretta J. Mester, and Eric Rosengren, each of whom+]"
2016-09-21,2016-11-02,economy,changed,17,9,"[-July-] [+September+] [-solid, on average.-] [+solid.+] [-growing strongly-] [+rising moderately+] [-continued to run-] [+increased somewhat since earlier this year but is still+] [+have moved up but+]"
2016-09-21,2016-11-02,mandate,changed,0,17,"[-to remain low in the near term, in part because of earlier declines in energy prices, but-]"
2016-09-21,2016-11-02,policy,changed,4,1,[-strengthened-] [+continued to strengthen+] [+some+]
2016-09-21,2016-11-02,guidance,unchanged,0,0,
2016-09-21,2016-11-02,balance_sheet,unchanged,0,0,
2016-09-21,2016-11-02,vote_for,changed,4,4,"[+Eric Rosengren;+] [-George,-] [+George and+] [-and Eric Rosengren,-]"
2016-11-02,2016-12-14,economy,changed,22,29,"[-September-] [+November+] [-growth of-] [+that+] [-picked up from the modest-] [+been expanding at a moderate+] [-seen-] [+since mid-year. Job gains have been solid+] [-the first half of this year. Although-] [+recent months and+] [-is little changed in recent months, job gains have been solid.-] [+has declined.+] [-somewhat-] [+considerably+] [-remain-] [+still are+]"
2016-11-02,2016-12-14,mandate,unchanged,0,0,
2016-11-02,2016-12-14,policy,changed,16,43,"[-Against this backdrop,-] [+In view of realized and expected labor market conditions and inflation,+] [-maintain-] [+raise+] [-at 1/4-] [+to 3/4+] [-The Committee judges that the case for an increase in the federal funds rate has continued to strengthen but decided, for the time being, to wait for some further evidence of continued progress toward its objectives.-] [+some+] [-improvement-] [+strengthening+]"
2016-11-02,2016-12-14,guidance,unchanged,0,0,
2016-11-02,2016-12-14,balance_sheet,unchanged,0,0,
2016-11-02,2016-12-14,vote_for,changed,6,34,"[+Esther L. George; Loretta J. Mester;+] [-Voting against the action were: Esther L. George and Loretta J. Mester, each of whom preferred at this meeting to raise the target range for the federal funds rate to 1/2 to 3/4 percent.-]"
2016-12-14,2017-02-01,economy,changed,31,46,"[-November-] [+December+] [-been expanding-] [+continued to expand+] [-pace since mid-year.-] [+pace.+] [-have been-] [+remained+] [-in recent months-] [-has declined.-] [+stayed near its recent low.+] [-been rising-] [+continued to rise+] [-but-] [+while+] [+Measures of consumer and business sentiment have improved of late.+] [-has-] [-since earlier this year-] [+in recent quarters+] [-objective, partly reflecting earlier declines in energy prices and in prices of non-energy imports.-] [+objective.+] [-have moved up considerably but still are-] [+remain+] [-balance, in recent months.-] [+balance.+]"
2016-12-14,2017-02-01,mandate,changed,6,27,"[-pace and-] [+pace,+] [-further. Inflation is expected to-] [+further, and inflation will+] [-term as the transitory effects of past declines in energy and import prices dissipate and the labor market strengthens further.-] [+term.+]"
2016-12-14,2017-02-01,policy,changed,2,2,[-raise-] [+maintain+] [-to-] [+at+]
2016-12-14,2017-02-01,guidance,unchanged,0,0,
2016-12-14,2017-02-01,balance_sheet,unchanged,0,0,
2016-12-14,2017-02-01,vote_for,changed,10,10,[-James Bullard;-] [+Charles L. Evans;+] [-Esther L. George; Loretta J. Mester;-] [+Patrick Harker; Robert S. Kaplan; Neel Kashkari;+] [-Eric Rosengren;-]
2017-02-01,2017-03-15,economy,changed,34,25,"[-December-] [+February+] [-stayed near its-] [+was little changed in+] [-low.-] [+months.+] [+appears to have firmed somewhat. Inflation+] [-remained soft. Measures of consumer and business sentiment have improved of late. Inflation-] [-quarters but is still below-] [+quarters, moving close to+] [-objective.-] [+objective; excluding energy and food prices, inflation was little changed and continued to run somewhat below 2 percent.+] [-most-]"
2017-02-01,2017-03-15,mandate,changed,2,2,[-rise to-] [+stabilize around+]
2017-02-01,2017-03-15,policy,changed,4,3,[-maintain-] [+raise+] [-at 1/2-] [+to 1+] [+sustained+]
2017-02-01,2017-03-15,guidance,changed,6,15,"[-In light of the current shortfall of inflation from 2 percent, the-] [+The+] [-progress toward-] [+inflation developments relative to+] [+symmetric+] [-only-]"
2017-02-01,2017-03-15,balance_sheet,unchanged,0,0,
2017-02-01,2017-03-15,vote_for,changed,23,2,"[-Neel Kashkari;-] [+Voting against the action was Neel Kashkari, who preferred at this meeting to maintain the existing target range for the federal funds rate.+]"
2017-03-15,2017-05-03,economy,changed,46,43,"[-February-] [+March+] [-and that-] [+even as growth in+] [-has continued to expand at a moderate pace.-] [+slowed.+] [-remained solid-] [+were solid, on average, in recent months,+] [-was little changed in recent months.-] [+declined.+] [-has-] [+rose only modestly, but the fundamentals underpinning the+] [-to rise moderately while business-] [+growth of consumption remained solid. Business+] [-appears to have firmed somewhat.-] [+firmed.+] [+measured on a 12-month basis recently+] [-increased in recent quarters, moving-] [+been running+] [-objective; excluding-] [+objective. Excluding+] [-food prices,-] [+food, consumer prices declined in March and+] [-was little changed and-]"
2017-03-15,2017-05-03,mandate,changed,18,1,[-expects-] [+views the slowing in growth during the first quarter as likely to be transitory and continues to expect+]
2017-03-15,2017-05-03,policy,changed,2,2,[-raise-] [+maintain+] [-to-] [+at+]
2017-03-15,2017-05-03,guidance,unchanged,0,0,
2017-03-15,2017-05-03,balance_sheet,unchanged,0,0,
2017-03-15,2017-05-03,vote_for,changed,4,28,"[+Neel Kashkari; and+] [-Powell; and Daniel K. Tarullo. Voting against the action was Neel Kashkari, who preferred at this meeting to maintain the existing target range for the federal funds rate.-] [+Powell.+]"
2017-05-03,2017-06-14,economy,changed,53,57,"[-March-] [+May+] [-even as growth in-] [+and that+] [-slowed.-] [+has been rising moderately so far this year.+] [-were-] [+have moderated but have been+] [+since the beginning of the year, and the unemployment rate has declined. Household spending has picked up+] [-the unemployment rate declined. Household spending rose only modestly, but the fundamentals underpinning the continued growth of consumption remained solid. Business-] [+business+] [-firmed. Inflation measured on-] [+has continued to expand. On+] [-basis-] [+basis, inflation has declined+] [-has been-] [+and, like the measure excluding food and energy prices, is+] [-close to the Committee's 2 percent longer-run objective. Excluding energy and food, consumer prices declined in March and inflation continued to run-]"
2017-05-03,2017-06-14,mandate,changed,31,32,"[-views the slowing in growth during the first quarter as likely to be transitory and-] [+and+] [-further, and inflation will-] [+further. Inflation on a 12-month basis is expected to remain somewhat below 2 percent in the near term but to+] [+the Committee's+] [+objective+] [-balanced. The-] [+balanced, but the+] [-continues to closely monitor-] [+is monitoring+] [-indicators and global economic and financial developments.-] [+developments closely.+]"
2017-05-03,2017-06-14,policy,changed,3,3,[-maintain-] [+raise+] [-at 3/4-] [+to 1-1/4+]
2017-05-03,2017-06-14,guidance,unchanged,0,0,
2017-05-03,2017-06-14,balance_sheet,changed,52,34,"[-auction, and it anticipates doing so until-] [+auction. The Committee currently expects to begin implementing a balance sheet+] [+program this year, provided that the economy evolves broadly as anticipated. This program, which would gradually reduce the Federal Reserve's securities holdings by decreasing reinvestment+] [+principal payments from those securities, is described in+] [-level of the federal funds rate is well under way. This policy, by keeping-] [+accompanying addendum to+] [-holdings of longer-term securities at sizable levels, should help maintain accommodative financial conditions.-] [+Policy Normalization Principles and Plans.+]"
2017-05-03,2017-06-14,vote_for,changed,23,2,"[-Neel Kashkari;-] [+Voting against the action was Neel Kashkari, who preferred at this meeting to maintain the existing target range for the federal funds rate.+]"
2017-06-14,2017-07-26,economy,changed,9,19,"[-May-] [+June+] [-moderated but have-] [-has picked up in recent months,-] [-has-] [+have+] [+overall+] [-has declined recently and, like-] [+and+] [-prices, is-] [+prices have declined and are+] [-somewhat-]"
2017-06-14,2017-07-26,mandate,unchanged,0,0,
2017-06-14,2017-07-26,policy,changed,2,2,[-raise-] [+maintain+] [-to-] [+at+]
2017-06-14,2017-07-26,guidance,unchanged,0,0,
2017-06-14,2017-07-26,balance_sheet,changed,14,28,"[-The-] [+For the time being, the+] [-currently-] [-a-] [+its+] [-this year,-] [+relatively soon,+] [-anticipated. This program, which would gradually reduce the Federal Reserve's securities holdings by decreasing reinvestment of principal payments from those securities,-] [+anticipated; this program+] [-accompanying addendum-] [+June 2017 Addendum+]"
2017-06-14,2017-07-26,vote_for,changed,2,23,"[+Neel Kashkari;+] [-Voting against the action was Neel Kashkari, who preferred at this meeting to maintain the existing target range for the federal funds rate.-]"
2017-07-26,2017-09-20,economy,changed,25,16,"[-June-] [+July+] [-been solid, on average, since the beginning of the year,-] [+remained solid in recent months,+] [-declined.-] [+stayed low.+] [+has been expanding at a moderate rate,+] [+growth in+] [-have continued to expand.-] [+has picked up in recent quarters.+] [+this year+]"
2017-07-26,2017-09-20,mandate,changed,72,2,"[-The-] [+Hurricanes Harvey, Irma, and Maria have devastated many communities, inflicting severe hardship. Storm-related disruptions and rebuilding will affect economic activity in the near term, but past experience suggests that the storms are unlikely to materially alter the course of the national economy over the medium term. Consequently, the+] [-Inflation-] [+Higher prices for gasoline and some other items in the aftermath of the hurricanes will likely boost inflation temporarily; apart from that effect, inflation+]"
2017-07-26,2017-09-20,policy,unchanged,0,0,
2017-07-26,2017-09-20,guidance,unchanged,0,0,
2017-07-26,2017-09-20,balance_sheet,removed,0,76,"[-For the time being, the Committee is maintaining its existing policy of reinvesting principal payments from its holdings of agency debt and agency mortgage-backed securities in agency mortgage-backed securities and of rolling over maturing Treasury securities at auction. The Committee expects to begin implementing its balance sheet normalization program relatively soon, provided that the economy evolves broadly as anticipated; this program is described in the June 2017 Addendum to the Committee's Policy Normalization Principles and Plans.-]"
2017-07-26,2017-09-20,vote_for,unchanged,0,0,
2017-07-26,2017-09-20,unclassified,added,25,0,"[+In October, the Committee will initiate the balance sheet normalization program described in the June 2017 Addendum to the Committee's Policy Normalization Principles and Plans.+]"
2017-09-20,2017-11-01,economy,changed,46,25,"[-July-] [+September+] [-moderately so far this year. Job gains have remained-] [+at a+] [+rate despite hurricane-related disruptions. Although the hurricanes caused a drop+] [-recent months, and-] [+payroll employment in September,+] [-has stayed low.-] [+declined further.+] [+Gasoline prices rose in the aftermath of the hurricanes, boosting overall inflation in September; however, inflation for items other than food and energy remained soft.+] [-overall-] [+both+] [-and the measure excluding food and energy prices-] [+measures+]"
2017-09-20,2017-11-01,mandate,changed,8,38,"[-Hurricanes Harvey, Irma, and Maria have devastated many communities, inflicting severe hardship. Storm-related-] [+Hurricane-related+] [+continue to+] [-activity-] [+activity, employment, and inflation+] [-Higher prices for gasoline and some other items in the aftermath of the hurricanes will likely boost inflation temporarily; apart from that effect, inflation-] [+Inflation+]"
2017-09-20,2017-11-01,policy,unchanged,0,0,
2017-09-20,2017-11-01,guidance,unchanged,0,0,
2017-09-20,2017-11-01,unclassified,changed,5,19,"[-In October, the Committee will initiate the-] [+The+] [-described-] [+initiated+] [-the June-] [+October+] [-Addendum to the Committee's Policy Normalization Principles and Plans.-] [+is proceeding.+]"
2017-09-20,2017-11-01,vote_for,changed,5,4,[-Stanley Fischer;-] [-and-] [-Powell.-] [+Powell; and Randal K. Quarles.+]
2017-11-01,2017-12-13,economy,changed,17,37,"[-September-] [+November+] [-rate despite-] [+rate. Averaging through+] [-disruptions. Although the hurricanes caused a drop in payroll employment in September,-] [+fluctuations, job gains have been solid, and+] [-Gasoline prices rose in the aftermath of the hurricanes, boosting-] [+On a 12-month basis, both+] [-in September; however,-] [+and+] [-remained soft. On a 12-month basis, both inflation measures-]"
2017-11-01,2017-12-13,mandate,changed,16,31,"[-will continue to affect-] [+have affected+] [+recent months but have not materially altered+] [-near term, but past experience suggests that the storms are unlikely to materially alter the course of-] [+outlook for+] [-economy over the medium term.-] [+economy.+] [-pace,-] [+pace+] [-strengthen somewhat further.-] [+remain strong.+] [-12-month-] [+12‑month+]"
2017-11-01,2017-12-13,policy,changed,4,7,[-maintain-] [+raise+] [-at 1-] [+to 1‑1/2+] [-some further strengthening in-] [+strong+]
2017-11-01,2017-12-13,guidance,unchanged,0,0,
2017-11-01,2017-12-13,unclassified,removed,0,11,[-The balance sheet normalization program initiated in October 2017 is proceeding.-]
2017-11-01,2017-12-13,vote_for,changed,28,6,"[-were:-] [+were+] [-Charles L. Evans;-] [-Neel Kashkari;-] [+Voting against the action were Charles L. Evans and Neel Kashkari, who preferred at this meeting to maintain the existing target range for the federal funds rate.+]"
2017-12-13,2018-01-31,economy,changed,21,35,"[-November-] [+December+] [-Averaging through hurricane-related fluctuations, job gains-] [+Gains in employment, household spending, and business fixed investment+] [-declined further. Household spending-] [-been expanding at a moderate rate, and growth in business fixed investment has picked up in recent quarters.-] [+stayed low.+] [-declined this year and are running-] [+continued to run+] [+have increased in recent months but+]"
2017-12-13,2018-01-31,mandate,changed,8,40,"[-Hurricane-related disruptions and rebuilding have affected economic activity, employment, and inflation in recent months but have not materially altered the outlook for the national economy. Consequently, the-] [+The+] [-continues to expect-] [+expects+] [+further+] [-remain somewhat below 2 percent in the near term but-] [+move up this year and+]"
2017-12-13,2018-01-31,policy,changed,2,2,[-raise-] [+maintain+] [-to-] [+at+]
2017-12-13,2018-01-31,guidance,changed,1,0,[+further+]
2017-12-13,2018-01-31,vote_for,changed,13,33,"[+Thomas I. Barkin; Raphael W. Bostic;+] [-Patrick Harker; Robert S. Kaplan;-] [+Loretta J. Mester;+] [-and-] [-Quarles. Voting against the action were Charles L. Evans-] [+Quarles;+] [-Neel Kashkari, who preferred at this meeting to maintain the existing target range for the federal funds rate.-] [+John C. Williams.+]"
2018-01-31,2018-03-21,economy,changed,28,12,"[-December-] [+January+] [-solid-] [+moderate+] [-Gains in employment, household spending, and business fixed investment-] [+Job gains+] [-solid,-] [+strong in recent months,+] [+Recent data suggest that growth rates of household spending and business fixed investment have moderated from their strong fourth-quarter readings.+]"
2018-01-31,2018-03-21,mandate,changed,16,3,[+The economic outlook has strengthened in recent months.+] [+in the medium term+] [-12‑month-] [+12-month+] [-this year-] [+in coming months+]
2018-01-31,2018-03-21,policy,changed,4,4,[-maintain-] [+raise+] [-at 1-1/4-] [-1‑1/2-] [+1-1/2 to 1-3/4+]
2018-01-31,2018-03-21,guidance,unchanged,0,0,
2018-01-31,2018-03-21,vote_for,changed,4,7,"[-Janet L. Yellen, Chair;-] [+Jerome H. Powell, Chairman;+] [-Jerome H. Powell;-]"
2018-03-21,2018-05-02,economy,changed,17,20,"[-January-] [+March+] [-strong-] [+strong, on average,+] [-rates-] [-and-] [+moderated from its strong fourth-quarter pace, while+] [-have moderated from their strong fourth-quarter readings.-] [+continued to grow strongly.+] [-continued-] [+moved close+] [-run below-] [-have increased in recent months but-]"
2018-03-21,2018-05-02,mandate,changed,5,28,"[-The economic outlook has strengthened in recent months.-] [-move up in coming months and to stabilize around-] [+run near+] [+symmetric+] [-Near-term risks-] [+Risks+] [-balanced, but the Committee is monitoring inflation developments closely.-] [+balanced.+]"
2018-03-21,2018-05-02,policy,changed,2,2,[-raise-] [+maintain+] [-to-] [+at+]
2018-03-21,2018-05-02,guidance,unchanged,0,0,
2018-03-21,2018-05-02,vote_for,unchanged,0,0,
2018-05-02,2018-06-13,economy,changed,8,19,"[-March-] [+May+] [-moderate-] [+solid+] [-stayed low.-] [+declined.+] [-moderated from its strong fourth-quarter pace,-] [+has picked up,+] [+has+] [-Market-based measures of inflation compensation remain low; survey-based measures-] [+Indicators+]"
2018-05-02,2018-06-13,mandate,changed,20,31,"[-that, with-] [+that+] [-adjustments-] [+increases+] [-stance-] [+target range for the federal funds rate will be consistent with sustained expansion+] [-monetary policy,-] [-activity will expand at a moderate pace in the medium term and-] [+activity, strong+] [-conditions will remain strong. Inflation on a 12-month basis is expected to run-] [+conditions, and inflation+]"
2018-05-02,2018-06-13,policy,changed,3,3,[-maintain-] [+raise+] [-at 1-1/2-] [+to 2+]
2018-05-02,2018-06-13,guidance,changed,5,83,"[-objectives of-] [+objective+] [+its symmetric+] [-inflation.-] [+inflation objective.+] [-The Committee will carefully monitor actual and expected inflation developments relative to its symmetric inflation goal. The Committee expects that economic conditions will evolve in a manner that will warrant further gradual increases in the federal funds rate; the federal funds rate is likely to remain, for some time, below levels that are expected to prevail in the longer run. However, the actual path of the federal funds rate will depend on the economic outlook as informed by incoming data.-]"
2018-05-02,2018-06-13,vote_for,unchanged,0,0,
2018-06-13,2018-08-01,economy,changed,10,22,"[-May-] [+June+] [-solid-] [+strong+] [-declined. Recent data suggest that growth of household-] [+stayed low. Household+] [-has picked up, while-] [+and+] [-has continued to grow-] [+have grown+] [-have moved close to-] [+remain near+]"
2018-06-13,2018-08-01,mandate,unchanged,0,0,
2018-06-13,2018-08-01,policy,changed,2,2,[-raise-] [+maintain+] [-to-] [+at+]
2018-06-13,2018-08-01,guidance,unchanged,0,0,
2018-06-13,2018-08-01,vote_for,changed,8,8,"[-were-] [+were:+] [-William-] [+John+] [-Dudley,-] [+Williams,+] [+Esther L. George;+] [+and+] [-Quarles; and John C. Williams.-] [+Quarles.+]"
2018-08-01,2018-09-26,economy,changed,1,1,[-June-] [+August+]
2018-08-01,2018-09-26,mandate,unchanged,0,0,
2018-08-01,2018-09-26,policy,changed,3,24,"[-maintain-] [+raise+] [-at 1-3/4-] [+to 2-1/4+] [-The stance of monetary policy remains accommodative, thereby supporting strong labor market conditions and a sustained return to 2 percent inflation.-]"
2018-08-01,2018-09-26,guidance,unchanged,0,0,
2018-08-01,2018-09-26,vote_for,changed,3,0,[+Richard H. Clarida;+]
2018-09-26,2018-11-08,economy,changed,20,7,"[-August-] [+September+] [-stayed low.-] [+declined.+] [-and-] [+has continued to grow strongly, while growth of+] [-have grown strongly.-] [+has moderated from its rapid pace earlier in the year.+]"
2018-09-26,2018-11-08,mandate,unchanged,0,0,
2018-09-26,2018-11-08,policy,changed,2,2,[-raise-] [+maintain+] [-to-] [+at+]
2018-09-26,2018-11-08,guidance,unchanged,0,0,
2018-09-26,2018-11-08,vote_for,changed,3,3,[-Esther L. George;-] [+Mary C. Daly;+]
2018-11-08,2018-12-19,economy,changed,3,2,[-September-] [+November+] [-declined.-] [+remained low.+]
2018-11-08,2018-12-19,mandate,changed,27,4,"[-expects-] [+judges+] [+some+] [-Risks-] [+The Committee judges that risks+] [-appear-] [+are+] [-balanced.-] [+balanced, but will continue to monitor global economic and financial developments and assess their implications for the economic outlook.+]"
2018-11-08,2018-12-19,policy,changed,3,3,[-maintain-] [+raise+] [-at 2-] [+to 2‑1/2+]
2018-11-08,2018-12-19,guidance,unchanged,0,0,
2018-11-08,2018-12-19,vote_for,changed,3,0,[+Michelle W. Bowman;+]
2018-12-19,2019-01-30,economy,changed,18,8,"[-November-] [+December+] [-strong-] [+solid+] [-in the-] [+last+] [-Indicators-] [+Although market-based measures of inflation compensation have moved lower in recent months, survey-based measures+] [-changed, on balance.-] [+changed.+]"
2018-12-19,2019-01-30,mandate,removed,0,88,"[-Consistent with its statutory mandate, the Committee seeks to foster maximum employment and price stability. The Committee judges that some further gradual increases in the target range for the federal funds rate will be consistent with sustained expansion of economic activity, strong labor market conditions, and inflation near the Committee's symmetric 2 percent objective over the medium term. The Committee judges that risks to the economic outlook are roughly balanced, but will continue to monitor global economic and financial developments and assess their implications for the economic outlook.-]"
2018-12-19,2019-01-30,policy,changed,88,12,"[+Consistent with its statutory mandate, the Committee seeks to foster maximum employment and price stability.+] [-view-] [+support+] [-realized and expected labor market conditions and inflation,-] [+these goals,+] [-raise-] [+maintain+] [-to-] [+at+] [-2‑1/2-] [+2-1/2+] [+The Committee continues to view sustained expansion of economic activity, strong labor market conditions, and inflation near the Committee's symmetric 2 percent objective as the most likely outcomes. In light of global economic and financial developments and muted inflation pressures, the Committee will be patient as it determines what future adjustments to the target range for the federal funds rate may be appropriate to support these outcomes.+]"
2018-12-19,2019-01-30,guidance,unchanged,0,0,
2018-12-19,2019-01-30,vote_for,changed,13,14,[-Thomas I. Barkin; Raphael W. Bostic;-] [+James Bullard;+] [-Mary C. Daly; Loretta J. Mester; and-] [+Charles L. Evans; Esther L. George;+] [-Quarles.-] [+Quarles; and Eric S. Rosengren.+]
2019-01-30,2019-03-20,economy,changed,51,35,"[-December-] [+January+] [-has continued to strengthen and-] [+remains strong but+] [+growth of+] [-been rising at a-] [+slowed from its+] [-rate. Job-] [+rate in the fourth quarter. Payroll employment was little changed in February, but job+] [-strong,-] [+solid,+] [-Household spending has continued-] [+Recent indicators point+] [-grow strongly, while-] [+slower+] [+household spending and+] [-has moderated from its rapid pace earlier last year.-] [+in the first quarter.+] [-both-] [-and-] [+has declined, largely as a result of lower energy prices;+] [-remain-] [+remains+] [-Although-] [+On balance,+] [-moved lower-] [+remained low+] [+and+]"
2019-01-30,2019-03-20,policy,unchanged,0,0,
2019-01-30,2019-03-20,guidance,unchanged,0,0,
2019-01-30,2019-03-20,vote_for,unchanged,0,0,
2019-03-20,2019-05-01,economy,changed,16,40,"[-January-] [+March+] [-but-] [+and+] [-growth of-] [-has slowed from its-] [+rose at a+] [-rate in the fourth quarter. Payroll employment was little changed in February, but job-] [+rate. Job+] [-Recent indicators point to slower growth-] [+Growth+] [+slowed+] [-has declined, largely as a result of lower energy prices;-] [+and+] [-remains near-] [+have declined and are running below+]"
2019-03-20,2019-05-01,policy,unchanged,0,0,
2019-03-20,2019-05-01,guidance,unchanged,0,0,
2019-03-20,2019-05-01,vote_for,changed,2,2,[-Chairman;-] [+Chair;+] [-Chairman;-] [+Chair;+]
2019-05-01,2019-06-19,economy,changed,23,22,"[-March-] [+May+] [-rose-] [+is rising+] [-solid-] [+moderate+] [-Growth-] [+Although growth+] [-and-] [+appears to have picked up from earlier in the year, indicators of+] [-slowed in the first quarter.-] [+have been soft.+] [-have declined and-] [-On balance, market-based-] [+Market-based+] [-remained low in recent months, and-] [+declined;+]"
2019-05-01,2019-06-19,policy,changed,38,25,"[-outcomes.-] [+outcomes, but uncertainties about this outlook have increased.+] [-global economic and financial developments-] [+these uncertainties+] [-be patient as it determines what future adjustments to-] [+closely monitor+] [-target range-] [+implications of incoming information+] [-federal funds rate may be-] [+economic outlook and will act as+] [-support these outcomes.-] [+sustain the expansion, with a strong labor market and inflation near its symmetric 2 percent objective.+]"
2019-05-01,2019-06-19,guidance,unchanged,0,0,
2019-05-01,2019-06-19,vote_for,changed,27,4,"[-FOMC-] [-were:-] [+were+] [-James Bullard;-] [+Voting against the action was James Bullard, who preferred at this meeting to lower the target range for the federal funds rate by 25 basis points.+]"
2019-06-19,2019-07-31,economy,changed,8,9,[-May-] [+June+] [-is-] [+has been+] [-appears to have-] [+has+] [-indicators-] [+growth+] [-have-] [+has+] [-have declined;-] [+remain low;+]
2019-06-19,2019-07-31,policy,changed,45,24,"[-support-] [+light+] [-these goals,-] [+the implications of global developments for the economic outlook as well as muted inflation pressures,+] [-maintain-] [+lower+] [-at-] [+to 2 to+] [-to 2-1/2-] [-The Committee continues to-] [+This action supports the Committee's+] [+that+] [-as-] [+are+] [-have increased. In light of these uncertainties and muted inflation pressures,-] [+remain. As+] [+contemplates the future path of the target range for the federal funds rate, it+] [-closely-] [+continue to+]"
2019-06-19,2019-07-31,guidance,unchanged,0,0,
2019-06-19,2019-07-31,vote_for,changed,18,16,"[+James Bullard;+] [-Esther L. George;-] [+and+] [-Quarles; and Eric S. Rosengren.-] [+Quarles.+] [-was James Bullard,-] [+were Esther L. George and Eric S. Rosengren,+] [-lower-] [+maintain+] [-by 25 basis points.-] [+at 2-1/4 to 2-1/2 percent.+]"
2019-06-19,2019-07-31,unclassified,added,25,0,"[+The Committee will conclude the reduction of its aggregate securities holdings in the System Open Market Account in August, two months earlier than previously indicated.+]"
2019-07-31,2019-09-18,economy,changed,11,15,"[-June-] [+July+] [-growth of-] [-picked up from earlier in the year, growth of-] [+been rising at a strong pace,+] [-has been soft.-] [+and exports have weakened.+]"
2019-07-31,2019-09-18,policy,changed,2,2,[+1-3/4 to+] [-to 2-1/4-]
2019-07-31,2019-09-18,guidance,unchanged,0,0,
2019-07-31,2019-09-18,unclassified,removed,0,25,"[-The Committee will conclude the reduction of its aggregate securities holdings in the System Open Market Account in August, two months earlier than previously indicated.-]"
2019-07-31,2019-09-18,vote_for,changed,27,13,"[-Chair;-] [+Chair,+] [-James Bullard;-] [+James Bullard, who preferred at this meeting to lower the target range for the federal funds rate to 1-1/2 to 1-3/4 percent; and+] [-at this meeting-] [-for the federal funds rate-] [+2 percent to+] [-to 2-1/2-]"
2019-09-18,2019-10-11,economy,removed,0,99,"[-Information received since the Federal Open Market Committee met in July indicates that the labor market remains strong and that economic activity has been rising at a moderate rate. Job gains have been solid, on average, in recent months, and the unemployment rate has remained low. Although household spending has been rising at a strong pace, business fixed investment and exports have weakened. On a 12-month basis, overall inflation and inflation for items other than food and energy are running below 2 percent. Market-based measures of inflation compensation remain low; survey-based measures of longer-term inflation expectations are little changed.-]"
2019-09-18,2019-10-11,policy,removed,0,139,"[-Consistent with its statutory mandate, the Committee seeks to foster maximum employment and price stability. In light of the implications of global developments for the economic outlook as well as muted inflation pressures, the Committee decided to lower the target range for the federal funds rate to 1-3/4 to 2 percent. This action supports the Committee's view that sustained expansion of economic activity, strong labor market conditions, and inflation near the Committee's symmetric 2 percent objective are the most likely outcomes, but uncertainties about this outlook remain. As the Committee contemplates the future path of the target range for the federal funds rate, it will continue to monitor the implications of incoming information for the economic outlook and will act as appropriate to sustain the expansion, with a strong labor market and inflation near its symmetric 2 percent objective.-]"
2019-09-18,2019-10-11,guidance,removed,0,71,"[-In determining the timing and size of future adjustments to the target range for the federal funds rate, the Committee will assess realized and expected economic conditions relative to its maximum employment objective and its symmetric 2 percent inflation objective. This assessment will take into account a wide range of information, including measures of labor market conditions, indicators of inflation pressures and inflation expectations, and readings on financial and international developments.-]"
2019-09-18,2019-10-11,vote_for,removed,0,79,"[-Voting for the monetary policy action were Jerome H. Powell, Chair, John C. Williams, Vice Chair; Michelle W. Bowman; Lael Brainard; Richard H. Clarida; Charles L. Evans; and Randal K. Quarles. Voting against the action were James Bullard, who preferred at this meeting to lower the target range for the federal funds rate to 1-1/2 to 1-3/4 percent; and Esther L. George and Eric S. Rosengren, who preferred to maintain the target range at 2 percent to 2-1/4 percent.-]"
2019-09-18,2019-10-11,unclassified,added,97,0,"[+Consistent with its January 2019 Statement Regarding Monetary Policy Implementation and Balance Sheet Normalization, the Committee reaffirms its intention to implement monetary policy in a regime in which an ample supply of reserves ensures that control over the level of the federal funds rate and other short-term interest rates is exercised primarily through the setting of the Federal Reserve's administered rates, and in which active management of the supply of reserves is not required. To ensure that the supply of reserves remains ample, the Committee approved by notation vote completed on October 11, 2019 the following steps:+]"
2019-09-18,2019-10-11,unclassified#1,added,74,0,"[+These actions are purely technical measures to support the effective implementation of the FOMC's monetary policy, and do not represent a change in the stance of monetary policy. The Committee will continue to monitor money market developments as it assesses the level of reserves most consistent with efficient and effective policy implementation. The Committee stands ready to adjust the details of these plans as necessary to foster efficient and effective implementation of monetary policy.+]"
2019-09-18,2019-10-11,unclassified#2,added,43,0,"[+In connection with these plans, the Federal Open Market Committee voted unanimously to authorize and direct the Federal Reserve Bank of New York, until instructed otherwise, to execute transactions in the System Open Market Account in accordance with the following domestic policy directive:+]"
2019-09-18,2019-10-11,directive,added,212,0,"[+""Effective October 15, 2019, the Federal Open Market Committee directs the Desk to undertake open market operations as necessary to maintain the federal funds rate in a target range of 1-3/4 to 2 percent. In light of recent and expected increases in the Federal Reserve's non-reserve liabilities, the Committee directs the Desk to purchase Treasury bills at least into the second quarter of next year to maintain over time ample reserve balances at or above the level that prevailed in early September 2019. The Committee also directs the Desk to conduct term and overnight repurchase agreement operations at least through January of next year to ensure that the supply of reserves remains ample even during periods of sharp increases in non-reserve liabilities, and to mitigate the risk of money market pressures that could adversely affect policy implementation. In addition, the Committee directs the Desk to conduct overnight reverse repurchase operations (and reverse repurchase operations with maturities of more than one day when necessary to accommodate weekend, holiday, or similar trading conventions) at an offering rate of 1.70 percent, in amounts limited only by the value of Treasury securities held outright in the System Open Market Account that are available for such operations and by a per-counterparty limit of $30 billion per day.+]"
2019-09-18,2019-10-11,directive#1,added,107,0,[+The Committee directs the Desk to continue rolling over at auction all principal payments from the Federal Reserve's holdings of Treasury securities and to continue reinvesting all principal payments from the Federal Reserve's holdings of agency debt and agency mortgage-backed securities received during each calendar month. Principal payments from agency debt and agency mortgage-backed securities up to $20 billion per month will continue to be reinvested in Treasury securities to roughly match the maturity composition of Treasury securities outstanding; principal payments in excess of $20 billion per month will continue to be reinvested in agency mortgage-backed securities. Small deviations from these amounts for operational reasons are acceptable.+]
2019-09-18,2019-10-11,directive#2,added,28,0,"[+The Committee also directs the Desk to engage in dollar roll and coupon swap transactions as necessary to facilitate settlement of the Federal Reserve's agency mortgage-backed securities transactions.""+]"
2019-09-18,2019-10-11,unclassified#3,added,18,0,[+More information about these plans may be found on the Federal Reserve Bank of New York's website .+]
2019-09-18,2019-10-11,unclassified#4,added,8,0,[+Statement Regarding Treasury Bill Purchases and Repurchase Operations+]
2019-09-18,2019-10-11,unclassified#5,added,4,0,[+FAQs: Repurchase Agreement Operations+]
2019-09-18,2019-10-11,unclassified#6,added,7,0,[+FAQs: Treasury Reserve Management and Reinvestment Purchases+]
2019-10-11,2019-10-30,unclassified,removed,0,97,"[-Consistent with its January 2019 Statement Regarding Monetary Policy Implementation and Balance Sheet Normalization, the Committee reaffirms its intention to implement monetary policy in a regime in which an ample supply of reserves ensures that control over the level of the federal funds rate and other short-term interest rates is exercised primarily through the setting of the Federal Reserve's administered rates, and in which active management of the supply of reserves is not required. To ensure that the supply of reserves remains ample, the Committee approved by notation vote completed on October 11, 2019 the following steps:-]"
2019-10-11,2019-10-30,unclassified#1,removed,0,74,"[-These actions are purely technical measures to support the effective implementation of the FOMC's monetary policy, and do not represent a change in the stance of monetary policy. The Committee will continue to monitor money market developments as it assesses the level of reserves most consistent with efficient and effective policy implementation. The Committee stands ready to adjust the details of these plans as necessary to foster efficient and effective implementation of monetary policy.-]"
2019-10-11,2019-10-30,unclassified#2,removed,0,43,"[-In connection with these plans, the Federal Open Market Committee voted unanimously to authorize and direct the Federal Reserve Bank of New York, until instructed otherwise, to execute transactions in the System Open Market Account in accordance with the following domestic policy directive:-]"
2019-10-11,2019-10-30,directive,removed,0,212,"[-""Effective October 15, 2019, the Federal Open Market Committee directs the Desk to undertake open market operations as necessary to maintain the federal funds rate in a target range of 1-3/4 to 2 percent. In light of recent and expected increases in the Federal Reserve's non-reserve liabilities, the Committee directs the Desk to purchase Treasury bills at least into the second quarter of next year to maintain over time ample reserve balances at or above the level that prevailed in early September 2019. The Committee also directs the Desk to conduct term and overnight repurchase agreement operations at least through January of next year to ensure that the supply of reserves remains ample even during periods of sharp increases in non-reserve liabilities, and to mitigate the risk of money market pressures that could adversely affect policy implementation. In addition, the Committee directs the Desk to conduct overnight reverse repurchase operations (and reverse repurchase operations with maturities of more than one day when necessary to accommodate weekend, holiday, or similar trading conventions) at an offering rate of 1.70 percent, in amounts limited only by the value of Treasury securities held outright in the System Open Market Account that are available for such operations and by a per-counterparty limit of $30 billion per day.-]"
2019-10-11,2019-10-30,directive#1,removed,0,107,[-The Committee directs the Desk to continue rolling over at auction all principal payments from the Federal Reserve's holdings of Treasury securities and to continue reinvesting all principal payments from the Federal Reserve's holdings of agency debt and agency mortgage-backed securities received during each calendar month. Principal payments from agency debt and agency mortgage-backed securities up to $20 billion per month will continue to be reinvested in Treasury securities to roughly match the maturity composition of Treasury securities outstanding; principal payments in excess of $20 billion per month will continue to be reinvested in agency mortgage-backed securities. Small deviations from these amounts for operational reasons are acceptable.-]
2019-10-11,2019-10-30,directive#2,removed,0,28,"[-The Committee also directs the Desk to engage in dollar roll and coupon swap transactions as necessary to facilitate settlement of the Federal Reserve's agency mortgage-backed securities transactions.""-]"
2019-10-11,2019-10-30,unclassified#3,removed,0,18,[-More information about these plans may be found on the Federal Reserve Bank of New York's website .-]
2019-10-11,2019-10-30,unclassified#4,removed,0,8,[-Statement Regarding Treasury Bill Purchases and Repurchase Operations-]
2019-10-11,2019-10-30,unclassified#5,removed,0,4,[-FAQs: Repurchase Agreement Operations-]
2019-10-11,2019-10-30,unclassified#6,removed,0,7,[-FAQs: Treasury Reserve Management and Reinvestment Purchases-]
2019-10-11,2019-10-30,economy,added,99,0,"[+Information received since the Federal Open Market Committee met in September indicates that the labor market remains strong and that economic activity has been rising at a moderate rate. Job gains have been solid, on average, in recent months, and the unemployment rate has remained low. Although household spending has been rising at a strong pace, business fixed investment and exports remain weak. On a 12-month basis, overall inflation and inflation for items other than food and energy are running below 2 percent. Market-based measures of inflation compensation remain low; survey-based measures of longer-term inflation expectations are little changed.+]"
2019-10-11,2019-10-30,policy,added,117,0,"[+Consistent with its statutory mandate, the Committee seeks to foster maximum employment and price stability. In light of the implications of global developments for the economic outlook as well as muted inflation pressures, the Committee decided to lower the target range for the federal funds rate to 1-1/2 to 1-3/4 percent. This action supports the Committee's view that sustained expansion of economic activity, strong labor market conditions, and inflation near the Committee's symmetric 2 percent objective are the most likely outcomes, but uncertainties about this outlook remain. The Committee will continue to monitor the implications of incoming information for the economic outlook as it assesses the appropriate path of the target range for the federal funds rate.+]"
2019-10-11,2019-10-30,guidance,added,71,0,"[+In determining the timing and size of future adjustments to the target range for the federal funds rate, the Committee will assess realized and expected economic conditions relative to its maximum employment objective and its symmetric 2 percent inflation objective. This assessment will take into account a wide range of information, including measures of labor market conditions, indicators of inflation pressures and inflation expectations, and readings on financial and international developments.+]"
2019-10-11,2019-10-30,vote_for,added,61,0,"[+Voting for the monetary policy action were Jerome H. Powell, Chair; John C. Williams, Vice Chair; Michelle W. Bowman; Lael Brainard; James Bullard; Richard H. Clarida; Charles L. Evans; and Randal K. Quarles. Voting against this action were: Esther L. George and Eric S. Rosengren, who preferred at this meeting to maintain the target range at 1-3/4 percent to 2 percent.+]"
2019-10-30,2019-12-11,economy,changed,2,2,[-September-] [+October+] [-12-month-] [+12‑month+]
2019-10-30,2019-12-11,policy,changed,26,41,"[-In light of the implications of global developments for the economic outlook as well as muted inflation pressures, the-] [+The+] [-lower-] [+maintain+] [-to 1-1/2-] [+at 1‑1/2+] [-This action supports-] [+The Committee judges that+] [-Committee's view that-] [+current stance of monetary policy is appropriate to support+] [-objective are the most likely outcomes, but uncertainties about this outlook remain.-] [+objective.+] [-outlook-] [+outlook, including global developments and muted inflation pressures,+]"
2019-10-30,2019-12-11,guidance,unchanged,0,0,
2019-10-30,2019-12-11,vote_for,changed,5,27,"[-and-] [+Esther L. George;+] [-Quarles. Voting against this action were: Esther L. George-] [+Quarles;+] [-Rosengren, who preferred at this meeting to maintain the target range at 1-3/4 percent to 2 percent.-] [+Rosengren.+]"
2019-12-11,2020-01-29,economy,changed,2,2,[-October-] [+December+] [-strong-] [+moderate+]
2019-12-11,2020-01-29,policy,changed,2,1,[-near-] [+returning to+]
2019-12-11,2020-01-29,guidance,unchanged,0,0,
2019-12-11,2020-01-29,vote_for,changed,12,13,[-James Bullard;-] [-Charles L. Evans; Esther L. George;-] [+Patrick Harker; Robert S. Kaplan; Neel Kashkari; Loretta J. Mester; and+] [-Quarles; and Eric S. Rosengren.-] [+Quarles.+]
2020-01-29,2020-03-03,economy,removed,0,99,"[-Information received since the Federal Open Market Committee met in December indicates that the labor market remains strong and that economic activity has been rising at a moderate rate. Job gains have been solid, on average, in recent months, and the unemployment rate has remained low. Although household spending has been rising at a moderate pace, business fixed investment and exports remain weak. On a 12‑month basis, overall inflation and inflation for items other than food and energy are running below 2 percent. Market-based measures of inflation compensation remain low; survey-based measures of longer-term inflation expectations are little changed.-]"
2020-01-29,2020-03-03,policy,changed,61,78,"[-Consistent with-] [+The fundamentals of the U.S. economy remain strong. However, the coronavirus poses evolving risks to economic activity. In light of these risks and in support of achieving+] [-statutory mandate, the Committee seeks to foster-] [-stability. The-] [+stability goals, the Federal Open Market+] [+today+] [-maintain-] [+lower+] [-at 1‑1/2-] [+by 1/2 percentage point,+] [-1-3/4-] [+1 to 1‑1/4+] [-judges that-] [+is closely monitoring developments and their implications for+] [-current stance of monetary policy is-] [+economic outlook and will use its tools and act as+] [-sustained expansion of economic activity, strong labor market conditions, and inflation returning to-] [-Committee's symmetric 2 percent objective. The Committee will continue to monitor the implications of incoming information for the economic outlook, including global developments and muted inflation pressures, as it assesses the appropriate path of the target range for the federal funds rate.-] [+economy.+]"
2020-01-29,2020-03-03,guidance,removed,0,71,"[-In determining the timing and size of future adjustments to the target range for the federal funds rate, the Committee will assess realized and expected economic conditions relative to its maximum employment objective and its symmetric 2 percent inflation objective. This assessment will take into account a wide range of information, including measures of labor market conditions, indicators of inflation pressures and inflation expectations, and readings on financial and international developments.-]"
2020-01-29,2020-03-03,vote_for,unchanged,0,0,
2020-03-03,2020-03-15,policy,changed,80,54,"[+Consistent with its statutory mandate, the Committee seeks to foster maximum employment and price stability.+] [-fundamentals-] [+effects+] [-U.S. economy remain strong. However,-] [+coronavirus will weigh on economic activity in+] [-coronavirus poses evolving-] [+near term and pose+] [+the+] [-activity.-] [+outlook.+] [-risks and in support of achieving its maximum employment and price stability goals,-] [+developments,+] [-Federal Open Market-] [-today-] [-by 1/2 percentage point,-] [-1-] [+0+] [-1‑1/4-] [+1/4+] [+expects to maintain this target range until it+] [-closely monitoring developments-] [+confident that the economy has weathered recent events+] [-their implications for-] [+is on track to achieve its maximum employment and price stability goals. This action will help support economic activity, strong labor market conditions, and inflation returning to+] [-economic outlook and will use its tools and act as appropriate to support the economy.-] [+Committee's symmetric 2 percent objective.+]"
2020-03-03,2020-03-15,vote_for,changed,54,3,"[-Loretta J. Mester;-] [+Voting against this action was Loretta J. Mester, who was fully supportive of all of the actions taken to promote the smooth functioning of markets and the flow of credit to households and businesses but preferred to reduce the target range for the federal funds rate to 1/2 to 3/4 percent at this meeting.+]"
2020-03-03,2020-03-15,economy,added,147,0,"[+The coronavirus outbreak has harmed communities and disrupted economic activity in many countries, including the United States. Global financial conditions have also been significantly affected. Available economic data show that the U.S. economy came into this challenging period on a strong footing. Information received since the Federal Open Market Committee met in January indicates that the labor market remained strong through February and economic activity rose at a moderate rate. Job gains have been solid, on average, in recent months, and the unemployment rate has remained low. Although household spending rose at a moderate pace, business fixed investment and exports remained weak. More recently, the energy sector has come under stress. On a 12‑month basis, overall inflation and inflation for items other than food and energy are running below 2 percent. Market-based measures of inflation compensation have declined; survey-based measures of longer-term inflation expectations are little changed.+]"
2020-03-03,2020-03-15,guidance,added,111,0,"[+The Committee will continue to monitor the implications of incoming information for the economic outlook, including information related to public health, as well as global developments and muted inflation pressures, and will use its tools and act as appropriate to support the economy. In determining the timing and size of future adjustments to the stance of monetary policy, the Committee will assess realized and expected economic conditions relative to its maximum employment objective and its symmetric 2 percent inflation objective. This assessment will take into account a wide range of information, including measures of labor market conditions, indicators of inflation pressures and inflation expectations, and readings on financial and international developments.+]"
2020-03-03,2020-03-15,balance_sheet,added,145,0,"[+The Federal Reserve is prepared to use its full range of tools to support the flow of credit to households and businesses and thereby promote its maximum employment and price stability goals. To support the smooth functioning of markets for Treasury securities and agency mortgage-backed securities that are central to the flow of credit to households and businesses, over coming months the Committee will increase its holdings of Treasury securities by at least $500 billion and its holdings of agency mortgage-backed securities by at least $200 billion. The Committee will also reinvest all principal payments from the Federal Reserve's holdings of agency debt and agency mortgage-backed securities in agency mortgage-backed securities. In addition, the Open Market Desk has recently expanded its overnight and term repurchase agreement operations. The Committee will continue to closely monitor market conditions and is prepared to adjust its plans as appropriate.+]"
2020-03-03,2020-03-15,unclassified,added,58,0,"[+In a related set of actions to support the credit needs of households and businesses, the Federal Reserve announced measures related to the discount window, intraday credit, bank capital and liquidity buffers, reserve requirements, and—in coordination with other central banks—the U.S. dollar liquidity swap line arrangements. More information can be found on the Federal Reserve Board's website .+]"
2020-03-03,2020-03-15,unclassified#1,added,13,0,[+Federal Reserve actions to support the flow of credit to households and businesses+]
2020-03-03,2020-03-15,unclassified#2,added,12,0,[+Coordinated central bank action to enhance the provision of U.S. dollar liquidity+]
2020-03-15,2020-03-23,economy,removed,0,147,"[-The coronavirus outbreak has harmed communities and disrupted economic activity in many countries, including the United States. Global financial conditions have also been significantly affected. Available economic data show that the U.S. economy came into this challenging period on a strong footing. Information received since the Federal Open Market Committee met in January indicates that the labor market remained strong through February and economic activity rose at a moderate rate. Job gains have been solid, on average, in recent months, and the unemployment rate has remained low. Although household spending rose at a moderate pace, business fixed investment and exports remained weak. More recently, the energy sector has come under stress. On a 12‑month basis, overall inflation and inflation for items other than food and energy are running below 2 percent. Market-based measures of inflation compensation have declined; survey-based measures of longer-term inflation expectations are little changed.-]"
2020-03-15,2020-03-23,policy,removed,0,112,"[-Consistent with its statutory mandate, the Committee seeks to foster maximum employment and price stability. The effects of the coronavirus will weigh on economic activity in the near term and pose risks to the economic outlook. In light of these developments, the Committee decided to lower the target range for the federal funds rate to 0 to 1/4 percent. The Committee expects to maintain this target range until it is confident that the economy has weathered recent events and is on track to achieve its maximum employment and price stability goals. This action will help support economic activity, strong labor market conditions, and inflation returning to the Committee's symmetric 2 percent objective.-]"
2020-03-15,2020-03-23,guidance,removed,0,111,"[-The Committee will continue to monitor the implications of incoming information for the economic outlook, including information related to public health, as well as global developments and muted inflation pressures, and will use its tools and act as appropriate to support the economy. In determining the timing and size of future adjustments to the stance of monetary policy, the Committee will assess realized and expected economic conditions relative to its maximum employment objective and its symmetric 2 percent inflation objective. This assessment will take into account a wide range of information, including measures of labor market conditions, indicators of inflation pressures and inflation expectations, and readings on financial and international developments.-]"
2020-03-15,2020-03-23,balance_sheet,changed,18,142,"[-The-] [+More information regarding open market operations and reinvestments may be found on the+] [-is prepared to use its full range-] [+Bank+] [-tools to support the flow of credit to households and businesses and thereby promote its maximum employment and price stability goals. To support the smooth functioning of markets for Treasury securities and agency mortgage-backed securities that are central to the flow of credit to households and businesses, over coming months the Committee will increase its holdings of Treasury securities by at least $500 billion and its holdings of agency mortgage-backed securities by at least $200 billion. The Committee will also reinvest all principal payments from the Federal Reserve's holdings of agency debt and agency mortgage-backed securities in agency mortgage-backed securities. In addition, the Open Market Desk has recently expanded its overnight and term repurchase agreement operations. The Committee will continue to closely monitor market conditions and is prepared to adjust its plans as appropriate.-] [+New York's website .+]"
2020-03-15,2020-03-23,vote_for,removed,0,89,"[-Voting for the monetary policy action were Jerome H. Powell, Chair; John C. Williams, Vice Chair; Michelle W. Bowman; Lael Brainard; Richard H. Clarida; Patrick Harker; Robert S. Kaplan; Neel Kashkari; and Randal K. Quarles. Voting against this action was Loretta J. Mester, who was fully supportive of all of the actions taken to promote the smooth functioning of markets and the flow of credit to households and businesses but preferred to reduce the target range for the federal funds rate to 1/2 to 3/4 percent at this meeting.-]"
2020-03-15,2020-03-23,unclassified,changed,25,52,"[-In a related set-] [+The Federal Reserve is committed to use its full range+] [-actions-] [+tools+] [-credit needs of households-] [+U.S. economy in this challenging time+] [-businesses, the Federal Reserve announced measures related to the discount window, intraday credit, bank capital-] [+thereby promote its maximum employment+] [-liquidity buffers, reserve requirements, and—in coordination with other central banks—the U.S. dollar liquidity swap line arrangements. More information can be found on the Federal Reserve Board's website .-] [+price stability goals.+]"
2020-03-15,2020-03-23,unclassified#1,changed,107,1,"[+The+] [-Reserve-] [+Open Market Committee is taking further+] [+by addressing strains in the markets for Treasury securities and agency mortgage-backed securities. The Federal Reserve will continue to purchase Treasury securities and agency mortgage-backed securities in the amounts needed to support smooth market functioning and effective transmission of monetary policy to broader financial conditions. The Committee will include purchases of agency commercial mortgage-backed securities in its agency mortgage-backed security purchases. In addition, the Open Market Desk will continue to offer large-scale overnight and term repurchase agreement operations. The Committee will continue to closely monitor market conditions, and will assess the appropriate pace of its securities purchases at future meetings.+]"
2020-03-15,2020-03-23,unclassified#2,changed,39,11,"[-Coordinated central bank-] [+Voting (by notation) for the monetary policy+] [-to enhance the provision of U.S. dollar liquidity-] [+were Jerome H. Powell, Chair; John C. Williams, Vice Chair; Michelle W. Bowman; Lael Brainard; Richard H. Clarida; Patrick Harker; Robert S. Kaplan; Neel Kashkari; Loretta J. Mester; and Randal K. Quarles.+]"
2020-03-15,2020-03-23,unclassified#3,added,34,0,"[+In a related set of actions, the Federal Reserve announced additional measures to support the flow of credit to households and businesses. More information can be found on the Federal Reserve Board's website .+]"
2020-03-15,2020-03-23,unclassified#4,added,40,0,"[+In connection with these plans, the Committee voted unanimously to authorize and direct the Federal Reserve Bank of New York, until instructed otherwise, to execute transactions in the System Open Market Account in accordance with the following domestic policy directive:+]"
2020-03-15,2020-03-23,directive,added,92,0,"[+""Effective March 23, 2020, the Federal Open Market Committee directs the Desk to undertake open market operations as necessary to maintain the federal funds rate in a target range of 0 to 1/4 percent. The Committee directs the Desk to increase the System Open Market Account holdings of Treasury securities and agency mortgage-backed securities (MBS) in the amounts needed to support the smooth functioning of markets for Treasury securities and agency MBS. The Committee also directs the Desk to include purchases of agency commercial mortgage-backed securities in its agency mortgage-backed security purchases.+]"
2020-03-15,2020-03-23,directive#1,added,111,0,"[+The Committee also directs the Desk to continue conducting term and overnight repurchase agreement operations to ensure that the supply of reserves remains ample and to support the smooth functioning of short-term U.S. dollar funding markets. In addition, the Committee directs the Desk to conduct overnight reverse repurchase operations (and reverse repurchase operations with maturities of more than one day when necessary to accommodate weekend, holiday, or similar trading conventions) at an offering rate of 0.00 percent, in amounts limited only by the value of Treasury securities held outright in the System Open Market Account that are available for such operations and by a per-counterparty limit of $30 billion per day.+]"
2020-03-15,2020-03-23,directive#2,added,59,0,[+The Committee directs the Desk to continue rolling over at auction all principal payments from the Federal Reserve's holdings of Treasury securities and to reinvest all principal payments from the Federal Reserve's holdings of agency debt and agency mortgage-backed securities received during each calendar month in agency mortgage-backed securities. Small deviations from these amounts for operational reasons are acceptable.+]
2020-03-15,2020-03-23,directive#3,added,28,0,"[+The Committee also directs the Desk to engage in dollar roll and coupon swap transactions as necessary to facilitate settlement of the Federal Reserve's agency mortgage-backed securities transactions.""+]"
2020-03-15,2020-03-23,unclassified#5,added,10,0,[+Federal Reserve announces extensive new measures to support the economy+]
2020-03-15,2020-03-23,unclassified#6,added,9,0,[+Statement Regarding Treasury Securities and Agency Mortgage-Backed Securities Operations+]
2020-03-23,2020-04-29,unclassified,changed,71,23,"[-The-] [+To support the flow of credit to households and businesses, the+] [-is committed-] [+will continue+] [-use its full range of tools-] [+purchase Treasury securities and agency residential and commercial mortgage-backed securities in the amounts needed+] [+smooth market functioning, thereby fostering effective transmission of monetary policy to broader financial conditions. In addition,+] [-U.S. economy in this challenging time-] [+Open Market Desk will continue to offer large-scale overnight+] [-thereby promote-] [+term repurchase agreement operations. The Committee will closely monitor market conditions and is prepared to adjust+] [-maximum employment and price stability goals.-] [+plans as appropriate.+]"
2020-03-23,2020-04-29,unclassified#1,removed,0,119,"[-The Federal Open Market Committee is taking further actions to support the flow of credit to households and businesses by addressing strains in the markets for Treasury securities and agency mortgage-backed securities. The Federal Reserve will continue to purchase Treasury securities and agency mortgage-backed securities in the amounts needed to support smooth market functioning and effective transmission of monetary policy to broader financial conditions. The Committee will include purchases of agency commercial mortgage-backed securities in its agency mortgage-backed security purchases. In addition, the Open Market Desk will continue to offer large-scale overnight and term repurchase agreement operations. The Committee will continue to closely monitor market conditions, and will assess the appropriate pace of its securities purchases at future meetings.-]"
2020-03-23,2020-04-29,unclassified#2,removed,0,40,"[-Voting (by notation) for the monetary policy action were Jerome H. Powell, Chair; John C. Williams, Vice Chair; Michelle W. Bowman; Lael Brainard; Richard H. Clarida; Patrick Harker; Robert S. Kaplan; Neel Kashkari; Loretta J. Mester; and Randal K. Quarles.-]"
2020-03-23,2020-04-29,unclassified#3,removed,0,34,"[-In a related set of actions, the Federal Reserve announced additional measures to support the flow of credit to households and businesses. More information can be found on the Federal Reserve Board's website .-]"
2020-03-23,2020-04-29,unclassified#4,removed,0,40,"[-In connection with these plans, the Committee voted unanimously to authorize and direct the Federal Reserve Bank of New York, until instructed otherwise, to execute transactions in the System Open Market Account in accordance with the following domestic policy directive:-]"
2020-03-23,2020-04-29,directive,removed,0,92,"[-""Effective March 23, 2020, the Federal Open Market Committee directs the Desk to undertake open market operations as necessary to maintain the federal funds rate in a target range of 0 to 1/4 percent. The Committee directs the Desk to increase the System Open Market Account holdings of Treasury securities and agency mortgage-backed securities (MBS) in the amounts needed to support the smooth functioning of markets for Treasury securities and agency MBS. The Committee also directs the Desk to include purchases of agency commercial mortgage-backed securities in its agency mortgage-backed security purchases.-]"
2020-03-23,2020-04-29,directive#1,removed,0,111,"[-The Committee also directs the Desk to continue conducting term and overnight repurchase agreement operations to ensure that the supply of reserves remains ample and to support the smooth functioning of short-term U.S. dollar funding markets. In addition, the Committee directs the Desk to conduct overnight reverse repurchase operations (and reverse repurchase operations with maturities of more than one day when necessary to accommodate weekend, holiday, or similar trading conventions) at an offering rate of 0.00 percent, in amounts limited only by the value of Treasury securities held outright in the System Open Market Account that are available for such operations and by a per-counterparty limit of $30 billion per day.-]"
2020-03-23,2020-04-29,directive#2,removed,0,59,[-The Committee directs the Desk to continue rolling over at auction all principal payments from the Federal Reserve's holdings of Treasury securities and to reinvest all principal payments from the Federal Reserve's holdings of agency debt and agency mortgage-backed securities received during each calendar month in agency mortgage-backed securities. Small deviations from these amounts for operational reasons are acceptable.-]
2020-03-23,2020-04-29,directive#3,removed,0,28,"[-The Committee also directs the Desk to engage in dollar roll and coupon swap transactions as necessary to facilitate settlement of the Federal Reserve's agency mortgage-backed securities transactions.""-]"
2020-03-23,2020-04-29,balance_sheet,removed,0,21,[-More information regarding open market operations and reinvestments may be found on the Federal Reserve Bank of New York's website .-]
2020-03-23,2020-04-29,unclassified#5,removed,0,10,[-Federal Reserve announces extensive new measures to support the economy-]
2020-03-23,2020-04-29,unclassified#6,removed,0,9,[-Statement Regarding Treasury Securities and Agency Mortgage-Backed Securities Operations-]
2020-03-23,2020-04-29,commitment,added,30,0,"[+The Federal Reserve is committed to using its full range of tools to support the U.S. economy in this challenging time, thereby promoting its maximum employment and price stability goals.+]"
2020-03-23,2020-04-29,economy,added,79,0,[+The coronavirus outbreak is causing tremendous human and economic hardship across the United States and around the world. The virus and the measures taken to protect public health are inducing sharp declines in economic activity and a surge in job losses. Weaker demand and significantly lower oil prices are holding down consumer price inflation. The disruptions to economic activity here and abroad have significantly affected financial conditions and have impaired the flow of credit to U.S. households and businesses.+]
2020-03-23,2020-04-29,policy,added,85,0,"[+The ongoing public health crisis will weigh heavily on economic activity, employment, and inflation in the near term, and poses considerable risks to the economic outlook over the medium term. In light of these developments, the Committee decided to maintain the target range for the federal funds rate at 0 to 1/4 percent. The Committee expects to maintain this target range until it is confident that the economy has weathered recent events and is on track to achieve its maximum employment and price stability goals.+]"
2020-03-23,2020-04-29,guidance,added,111,0,"[+The Committee will continue to monitor the implications of incoming information for the economic outlook, including information related to public health, as well as global developments and muted inflation pressures, and will use its tools and act as appropriate to support the economy. In determining the timing and size of future adjustments to the stance of monetary policy, the Committee will assess realized and expected economic conditions relative to its maximum employment objective and its symmetric 2 percent inflation objective. This assessment will take into account a wide range of information, including measures of labor market conditions, indicators of inflation pressures and inflation expectations, and readings on financial and international developments.+]"
2020-03-23,2020-04-29,vote_for,added,38,0,"[+Voting for the monetary policy action were Jerome H. Powell, Chair; John C. Williams, Vice Chair; Michelle W. Bowman; Lael Brainard; Richard H. Clarida; Patrick Harker; Robert S. Kaplan; Neel Kashkari; Loretta J. Mester; and Randal K. Quarles.+]"
2020-04-29,2020-06-10,commitment,unchanged,0,0,
2020-04-29,2020-06-10,economy,changed,14,16,"[-are inducing-] [+have induced+] [-The disruptions-] [+Financial conditions have improved, in part reflecting policy measures+] [-economic activity here-] [+support the economy+] [-abroad have significantly affected financial conditions and have impaired-]"
2020-04-29,2020-06-10,policy,unchanged,0,0,
2020-04-29,2020-06-10,guidance,unchanged,0,0,
2020-04-29,2020-06-10,unclassified,removed,0,79,"[-To support the flow of credit to households and businesses, the Federal Reserve will continue to purchase Treasury securities and agency residential and commercial mortgage-backed securities in the amounts needed to support smooth market functioning, thereby fostering effective transmission of monetary policy to broader financial conditions. In addition, the Open Market Desk will continue to offer large-scale overnight and term repurchase agreement operations. The Committee will closely monitor market conditions and is prepared to adjust its plans as appropriate.-]"
2020-04-29,2020-06-10,vote_for,unchanged,0,0,
2020-04-29,2020-06-10,balance_sheet,added,84,0,"[+To support the flow of credit to households and businesses, over coming months the Federal Reserve will increase its holdings of Treasury securities and agency residential and commercial mortgage-backed securities at least at the current pace to sustain smooth market functioning, thereby fostering effective transmission of monetary policy to broader financial conditions. In addition, the Open Market Desk will continue to offer large-scale overnight and term repurchase agreement operations. The Committee will closely monitor developments and is prepared to adjust its plans as appropriate.+]"
2020-06-10,2020-07-29,commitment,unchanged,0,0,
2020-06-10,2020-07-29,economy,changed,27,20,"[-The virus and the measures taken to protect public health have induced-] [+Following+] [-declines in-] [+declines,+] [-a surge-] [+employment have picked up somewhat+] [-job losses.-] [+recent months but remain well below their levels at the beginning of the year.+] [-Financial-] [+Overall financial+] [-improved,-] [+improved in recent months,+]"
2020-06-10,2020-07-29,policy,changed,14,0,[+The path of the economy will depend significantly on the course of the virus.+]
2020-06-10,2020-07-29,guidance,unchanged,0,0,
2020-06-10,2020-07-29,balance_sheet,unchanged,0,0,
2020-06-10,2020-07-29,vote_for,unchanged,0,0,
2020-07-29,2020-09-16,commitment,unchanged,0,0,
2020-07-29,2020-09-16,economy,changed,3,7,"[-coronavirus outbreak-] [+COVID-19 pandemic+] [-Following sharp declines, economic-] [+Economic+] [-somewhat-]"
2020-07-29,2020-09-16,policy,changed,145,60,"[-path of the economy will depend significantly on the course of the virus. The ongoing public health crisis will weigh heavily on economic activity, employment,-] [+Committee seeks to achieve maximum employment+] [-in-] [+at+] [-near term, and poses considerable risks to the economic outlook-] [+rate of 2 percent+] [-medium term. In light-] [+longer run. With inflation running persistently below this longer-run goal, the Committee will aim to achieve inflation moderately above 2 percent for some time so that inflation averages 2 percent over time and longer-term inflation expectations remain well anchored at 2 percent. The Committee expects to maintain an accommodative stance+] [+monetary policy until+] [-developments, the-] [+outcomes are achieved. The+] [-maintain-] [+keep+] [-percent. The Committee-] [+percent and+] [+it will be appropriate+] [-it is confident that-] [+labor market conditions have reached levels consistent with+] [-economy-] [+Committee's assessments of maximum employment and inflation+] [-weathered recent events-] [+risen to 2 percent+] [-achieve-] [+moderately exceed 2 percent for some time. In addition, over coming months the Federal Reserve will increase+] [-maximum employment-] [+holdings of Treasury securities+] [-price stability goals.-] [+agency mortgage-backed securities at least at the current pace to sustain smooth market functioning and help foster accommodative financial conditions, thereby supporting the flow of credit to households and businesses.+]"
2020-07-29,2020-09-16,guidance,changed,37,69,"[-The-] [+In assessing the appropriate stance of monetary policy, the+] [-outlook, including information related-] [+outlook. The Committee would be prepared+] [-public health, as well as global developments and muted inflation pressures, and will use its tools and act as appropriate to support the economy. In determining the timing and size of future adjustments to-] [+adjust+] [-policy,-] [+policy as appropriate if risks emerge that could impede+] [-Committee will assess realized and expected economic conditions relative to its maximum employment objective and its symmetric 2 percent inflation objective. This assessment-] [+attainment of the Committee's goals. The Committee's assessments+] [-measures of-] [+readings on public health,+] [-indicators of-] [-readings on-]"
2020-07-29,2020-09-16,balance_sheet,removed,0,84,"[-To support the flow of credit to households and businesses, over coming months the Federal Reserve will increase its holdings of Treasury securities and agency residential and commercial mortgage-backed securities at least at the current pace to sustain smooth market functioning, thereby fostering effective transmission of monetary policy to broader financial conditions. In addition, the Open Market Desk will continue to offer large-scale overnight and term repurchase agreement operations. The Committee will closely monitor developments and is prepared to adjust its plans as appropriate.-]"
2020-07-29,2020-09-16,vote_for,changed,0,5,[-Robert S. Kaplan; Neel Kashkari;-]
2020-07-29,2020-09-16,outlook_risk,added,45,0,"[+The path of the economy will depend significantly on the course of the virus. The ongoing public health crisis will continue to weigh on economic activity, employment, and inflation in the near term, and poses considerable risks to the economic outlook over the medium term.+]"
2020-07-29,2020-09-16,vote_against,added,96,0,"[+Voting against the action were Robert S. Kaplan, who expects that it will be appropriate to maintain the current target range until the Committee is confident that the economy has weathered recent events and is on track to achieve its maximum employment and price stability goals as articulated in its new policy strategy statement, but prefers that the Committee retain greater policy rate flexibility beyond that point; and Neel Kashkari, who prefers that the Committee indicate that it expects to maintain the current target range until core inflation has reached 2 percent on a sustained basis.+]"
2020-09-16,2020-11-05,commitment,unchanged,0,0,
2020-09-16,2020-11-05,economy,changed,10,13,"[-picked up in recent months-] [+continued to recover+] [-significantly lower-] [+earlier declines in+] [-are-] [+have been+] [-have improved in recent months,-] [+remain accommodative,+]"
2020-09-16,2020-11-05,outlook_risk,unchanged,0,0,
2020-09-16,2020-11-05,policy,unchanged,0,0,
2020-09-16,2020-11-05,guidance,unchanged,0,0,
2020-09-16,2020-11-05,vote_for,changed,16,0,[+Mary C. Daly;+] [+Robert S. Kaplan;+] [+Ms. Daly voted as an alternate member at this meeting.+]
2020-09-16,2020-11-05,vote_against,removed,0,96,"[-Voting against the action were Robert S. Kaplan, who expects that it will be appropriate to maintain the current target range until the Committee is confident that the economy has weathered recent events and is on track to achieve its maximum employment and price stability goals as articulated in its new policy strategy statement, but prefers that the Committee retain greater policy rate flexibility beyond that point; and Neel Kashkari, who prefers that the Committee indicate that it expects to maintain the current target range until core inflation has reached 2 percent on a sustained basis.-]"
2020-11-05,2020-12-16,commitment,unchanged,0,0,
2020-11-05,2020-12-16,economy,unchanged,0,0,
2020-11-05,2020-12-16,outlook_risk,unchanged,0,0,
2020-11-05,2020-12-16,policy,changed,37,12,[-over coming months-] [+continue to+] [-and-] [+by at least $80 billion per month and of+] [+by+] [-at the current pace to sustain-] [+$40 billion per month until substantial further progress has been made toward the Committee's maximum employment and price stability goals. These asset purchases help foster+] [-help foster-]
2020-11-05,2020-12-16,guidance,unchanged,0,0,
2020-11-05,2020-12-16,vote_for,changed,2,13,[-Mary C. Daly;-] [+Neel Kashkari;+] [-Ms. Daly voted as an alternate member at this meeting.-]
2020-12-16,2021-01-27,commitment,unchanged,0,0,
2020-12-16,2021-01-27,economy,changed,22,15,"[-Economic-] [+The pace of the recovery in economic+] [-have continued to recover but remain well below their levels at-] [+has moderated in recent months, with weakness concentrated in+] [-beginning of-] [+sectors most adversely affected by+] [-year.-] [+pandemic.+]"
2020-12-16,2021-01-27,outlook_risk,changed,8,13,"[-virus.-] [+virus, including progress on vaccinations.+] [-will continue-] [+continues+] [-inflation in the near term,-] [+inflation,+] [-outlook over the medium term.-] [+outlook.+]"
2020-12-16,2021-01-27,policy,changed,2,2,[-longer-term-] [+longer‑term+] [-mortgage-backed-] [+mortgage‑backed+]
2020-12-16,2021-01-27,guidance,unchanged,0,0,
2020-12-16,2021-01-27,vote_for,changed,17,12,[+Thomas I. Barkin; Raphael W. Bostic;+] [-Patrick Harker; Robert S. Kaplan; Neel Kashkari; Loretta J. Mester; and-] [+Mary C. Daly; Charles L. Evans;+] [-Quarles.-] [+Quarles; and Christopher J. Waller.+]
2021-01-27,2021-03-17,commitment,unchanged,0,0,
2021-01-27,2021-03-17,economy,changed,23,28,"[-The-] [+Following a moderation in the+] [-recovery in-] [+recovery, indicators of+] [-has moderated in recent months, with weakness concentrated in-] [+have turned up recently, although+] [-pandemic. Weaker demand and earlier declines in oil prices have been holding down consumer price inflation.-] [+pandemic remain weak. Inflation continues to run below 2 percent.+]"
2021-01-27,2021-03-17,outlook_risk,unchanged,0,0,
2021-01-27,2021-03-17,policy,unchanged,0,0,
2021-01-27,2021-03-17,guidance,unchanged,0,0,
2021-01-27,2021-03-17,vote_for,unchanged,0,0,
2021-03-17,2021-04-28,commitment,unchanged,0,0,
2021-03-17,2021-04-28,economy,changed,21,21,"[-Following a moderation in the pace of the recovery,-] [+Amid progress on vaccinations and strong policy support,+] [-turned up recently, although the-] [+strengthened. The+] [-weak.-] [+weak but have shown improvement.+] [-continues to run below 2 percent.-] [+has risen, largely reflecting transitory factors.+]"
2021-03-17,2021-04-28,outlook_risk,changed,4,8,"[-economic activity, employment,-] [+the economy,+] [-inflation, and poses considerable-] [-outlook.-] [+outlook remain.+]"
2021-03-17,2021-04-28,policy,unchanged,0,0,
2021-03-17,2021-04-28,guidance,unchanged,0,0,
2021-03-17,2021-04-28,vote_for,unchanged,0,0,
2021-04-28,2021-06-16,commitment,unchanged,0,0,
2021-04-28,2021-06-16,economy,changed,11,17,[-The-] [+Progress on vaccinations has reduced the spread of+] [-pandemic is causing tremendous human and economic hardship across-] [+in+] [-States and around the world.-] [+States.+] [+this+] [-on vaccinations-]
2021-04-28,2021-06-16,outlook_risk,changed,13,10,"[-virus, including progress-] [+virus. Progress+] [-vaccinations. The ongoing-] [+vaccinations will likely continue to reduce the effects of the+] [-continues to weigh-] [-and-] [+but+]"
2021-04-28,2021-06-16,policy,changed,2,1,[-running-] [+having run+]
2021-04-28,2021-06-16,guidance,unchanged,0,0,
2021-04-28,2021-06-16,vote_for,unchanged,0,0,
2021-06-16,2021-07-28,commitment,unchanged,0,0,
2021-06-16,2021-07-28,economy,changed,11,19,[-Progress-] [+With progress+] [-has reduced the spread of COVID-19 in the United States. Amid this progress-] [-strengthened.-] [+continued to strengthen.+] [-remain weak-] [+have shown improvement+] [-shown improvement.-] [+not fully recovered.+]
2021-06-16,2021-07-28,outlook_risk,changed,2,2,[-will-] [+continues to+] [-significantly-]
2021-06-16,2021-07-28,policy,changed,30,8,"[-In addition, the Federal Reserve will-] [+Last December, the Committee indicated that it would+] [-the Committee's-] [+its+] [+Since then, the economy has made progress toward these goals, and the Committee will continue to assess progress in coming meetings.+]"
2021-06-16,2021-07-28,guidance,unchanged,0,0,
2021-06-16,2021-07-28,vote_for,unchanged,0,0,
2021-07-28,2021-09-22,commitment,unchanged,0,0,
2021-07-28,2021-09-22,economy,changed,15,8,"[-shown improvement-] [+improved in recent months,+] [-have not fully recovered.-] [+the rise in COVID-19 cases has slowed their recovery.+] [-has risen,-] [+is elevated,+]"
2021-07-28,2021-09-22,outlook_risk,unchanged,0,0,
2021-07-28,2021-09-22,policy,changed,21,10,"[-goals, and the Committee will continue to assess-] [+goals. If+] [+continues broadly as expected, the Committee judges that a moderation+] [-coming meetings.-] [+the pace of asset purchases may soon be warranted.+]"
2021-07-28,2021-09-22,guidance,unchanged,0,0,
2021-07-28,2021-09-22,vote_for,unchanged,0,0,
2021-09-22,2021-11-03,commitment,unchanged,0,0,
2021-09-22,2021-11-03,economy,changed,31,2,[+summer's+] [-transitory factors.-] [+factors that are expected to be transitory. Supply and demand imbalances related to the pandemic and the reopening of the economy have contributed to sizable price increases in some sectors.+]
2021-09-22,2021-11-03,outlook_risk,changed,24,16,"[-will likely continue-] [+and an easing of supply constraints are expected+] [-reduce the effects of the public health crisis on the economy, but risks-] [+support continued gains in economic activity and employment as well as a reduction in inflation. Risks+]"
2021-09-22,2021-11-03,policy,changed,120,49,"[-Last-] [+In light of the substantial further progress the economy has made toward the Committee's goals since last+] [-indicated that it would continue to-] [+decided to begin reducing the monthly pace of its net asset purchases by $10 billion for Treasury securities and $5 billion for agency mortgage-backed securities. Beginning later this month, the Committee will+] [-$80-] [+$70+] [-$40-] [+$35 billion per month. Beginning in December, the Committee will increase its holdings of Treasury securities by at least $60+] [-until substantial further progress has been made toward its maximum employment and price stability goals. Since then, the economy has made progress toward these goals. If progress continues broadly as expected, the-] [+and of agency mortgage-backed securities by at least $30 billion per month. The+] [-a moderation-] [+similar reductions+] [+net+] [-may soon-] [+will likely+] [-warranted. These asset-] [+appropriate each month, but it is prepared to adjust the pace of+] [-help-] [+if warranted by changes in the economic outlook. The Federal Reserve's ongoing purchases and holdings of securities will continue to+]"
2021-09-22,2021-11-03,guidance,unchanged,0,0,
2021-09-22,2021-11-03,vote_for,unchanged,0,0,
2021-11-03,2021-12-15,commitment,unchanged,0,0,
2021-11-03,2021-12-15,economy,changed,27,28,"[-months,-] [+months+] [-the summer's rise in COVID-19 cases has slowed their recovery. Inflation is elevated, largely reflecting factors that are expected-] [+continue+] [-transitory.-] [+affected by COVID-19. Job gains have been solid in recent months, and the unemployment rate has declined substantially.+] [-contributed-] [+continued+] [-sizable price increases in some sectors.-] [+contribute to elevated levels of inflation.+]"
2021-11-03,2021-12-15,outlook_risk,changed,8,1,"[-remain.-] [+remain, including from new variants of the virus.+]"
2021-11-03,2021-12-15,policy,changed,48,147,"[+In support of these goals, the Committee decided to keep the target range for the federal funds rate at 0 to 1/4 percent.+] [-run persistently below this longer-run goal, the Committee will aim to achieve inflation moderately above-] [+exceeded+] [-time so that inflation averages 2 percent over time and longer‑term inflation expectations remain well anchored at 2 percent. The Committee expects to maintain an accommodative stance of monetary policy until these outcomes are achieved. The Committee decided to keep the target range for the federal funds rate at 0 to 1/4 percent and-] [+time, the Committee+] [-employment and inflation has risen to 2 percent and is on track to moderately exceed 2 percent for some time.-] [+employment.+] [-the substantial-] [+inflation developments and the+] [-progress the economy has made toward the Committee's goals since last December,-] [+improvement in the labor market,+] [-begin reducing-] [+reduce+] [+$20 billion for Treasury securities and+] [-billion for Treasury securities and $5-] [-later this month,-] [+in January,+] [-$70-] [+$40+] [-$35 billion per month. Beginning in December, the Committee will increase its holdings of Treasury securities by at least $60 billion per month and of agency mortgage-backed securities by at least $30-] [+$20+]"
2021-11-03,2021-12-15,guidance,unchanged,0,0,
2021-11-03,2021-12-15,vote_for,unchanged,0,0,
2021-12-15,2022-01-26,commitment,removed,0,30,"[-The Federal Reserve is committed to using its full range of tools to support the U.S. economy in this challenging time, thereby promoting its maximum employment and price stability goals.-]"
2021-12-15,2022-01-26,economy,changed,10,13,"[-With progress on vaccinations and strong policy support, indicators-] [+Indicators+] [-continue to be-] [+are being+] [-COVID-19.-] [+the recent sharp rise in COVID-19 cases.+]"
2021-12-15,2022-01-26,outlook_risk,unchanged,0,0,
2021-12-15,2022-01-26,policy,changed,29,89,"[-having exceeded-] [+well above+] [-for some time,-] [+and a strong labor market,+] [+soon+] [-maintain this-] [+raise the+] [-until labor market conditions have reached levels consistent with-] [+for+] [-Committee's assessments of maximum employment. In light of inflation developments and the further improvement in the labor market, the-] [+federal funds rate. The+] [+to continue+] [-purchases by $20 billion for Treasury securities and $10 billion for agency mortgage-backed securities.-] [+purchases, bringing them to an end in early March.+] [-January,-] [+February,+] [-$40-] [+$20+] [-$20-] [+$10+] [-The Committee judges that similar reductions in the pace of net asset purchases will likely be appropriate each month, but it is prepared to adjust the pace of purchases if warranted by changes in the economic outlook.-]"
2021-12-15,2022-01-26,guidance,unchanged,0,0,
2021-12-15,2022-01-26,vote_for,changed,19,17,[-Thomas I. Barkin; Raphael W. Bostic;-] [-Richard H. Clarida; Mary C. Daly; Charles-] [+James Bullard; Esther+] [-Evans; Randal K. Quarles;-] [+George; Patrick Harker; Loretta J. Mester;+] [+Patrick Harker voted as an alternate member at this meeting.+]
2022-01-26,2022-03-16,economy,changed,13,66,"[-The sectors most adversely affected by the pandemic have improved in recent months but are being affected by the recent sharp rise in COVID-19 cases.-] [-solid-] [+strong+] [-Supply-] [+Inflation remains elevated, reflecting supply+] [-pandemic-] [+pandemic, higher energy prices,+] [-the reopening of the economy have continued to contribute to elevated levels of inflation. Overall financial conditions remain accommodative, in part reflecting policy measures to support the economy and the flow of credit to U.S. households and businesses.-] [+broader price pressures.+]"
2022-01-26,2022-03-16,outlook_risk,removed,0,54,"[-The path of the economy continues to depend on the course of the virus. Progress on vaccinations and an easing of supply constraints are expected to support continued gains in economic activity and employment as well as a reduction in inflation. Risks to the economic outlook remain, including from new variants of the virus.-]"
2022-01-26,2022-03-16,policy,changed,55,105,"[+With appropriate firming in the stance of monetary policy, the Committee expects inflation to return to its 2 percent objective and the labor market to remain strong.+] [-keep-] [+raise+] [-at 0-] [-percent. With inflation well above 2-] [+to 1/2+] [-a strong labor market,-] [+anticipates that ongoing increases in the target range will be appropriate. In addition,+] [-it will soon be appropriate-] [-raise the target range for the federal funds rate. The Committee decided to continue to reduce the monthly pace of its net asset purchases, bringing them to an end in early March. Beginning in February, the Committee will increase-] [+begin reducing+] [-by-] [+and agency debt and agency mortgage-backed securities+] [-least $20 billion per month and of agency mortgage‑backed securities by at least $10 billion per month. The Federal Reserve's ongoing purchases and holdings of securities will continue to foster smooth market functioning and accommodative financial conditions, thereby supporting the flow of credit to households and businesses.-] [+a coming meeting.+]"
2022-01-26,2022-03-16,guidance,unchanged,0,0,
2022-01-26,2022-03-16,vote_for,changed,31,2,"[-James Bullard;-] [+Voting against this action was James Bullard, who preferred at this meeting to raise the target range for the federal funds rate by 0.5 percentage point to 1/2 to 3/4 percent.+]"
2022-01-26,2022-03-16,unclassified,added,46,0,"[+The invasion of Ukraine by Russia is causing tremendous human and economic hardship. The implications for the U.S. economy are highly uncertain, but in the near term the invasion and related events are likely to create additional upward pressure on inflation and weigh on economic activity.+]"
2022-03-16,2022-05-04,economy,changed,16,8,"[-Indicators of-] [+Although overall+] [+edged down in the first quarter, household spending+] [-employment have continued to strengthen.-] [+business fixed investment remained strong.+] [-strong-] [+robust+]"
2022-03-16,2022-05-04,unclassified,changed,27,10,"[-uncertain, but in the near term the-] [+uncertain. The+] [-likely to create-] [+creating+] [+are likely to+] [+In addition, COVID-related lockdowns in China are likely to exacerbate supply chain disruptions. The Committee is highly attentive to inflation risks.+]"
2022-03-16,2022-05-04,policy,changed,29,7,"[-1/4-] [+3/4+] [-1/2-] [+1+] [-expects-] [+decided+] [-at a coming meeting.-] [+on June 1, as described in the Plans for Reducing the Size of the Federal Reserve's Balance Sheet that were issued in conjunction with this statement.+]"
2022-03-16,2022-05-04,guidance,changed,1,1,[-Committee's-] [+Committee’s+]
2022-03-16,2022-05-04,vote_for,changed,2,31,"[+James Bullard;+] [-Voting against this action was James Bullard, who preferred at this meeting to raise the target range for the federal funds rate by 0.5 percentage point to 1/2 to 3/4 percent.-]"
2022-03-16,2022-05-04,unclassified#1,added,11,0,[+Plans for Reducing the Size of the Federal Reserve's Balance Sheet+]
2022-05-04,2022-06-15,economy,changed,11,14,"[-Although overall-] [+Overall+] [-edged-] [+appears to have picked up after edging+] [-quarter, household spending and business fixed investment remained strong.-] [+quarter.+] [-declined substantially.-] [+remained low.+]"
2022-05-04,2022-06-15,unclassified,changed,2,12,[-implications for the U.S. economy are highly uncertain. The-] [-likely to weigh-] [+weighing+] [+global+]
2022-05-04,2022-06-15,policy,changed,19,40,"[-With appropriate firming in the stance of monetary policy, the Committee expects inflation to return to its 2 percent objective and the labor market to remain strong.-] [-3/4-] [+1‑1/2+] [-1-] [+1-3/4+] [-decided to begin-] [+will continue+] [-securities on June 1,-] [+securities,+] [-conjunction with this statement.-] [+May. The Committee is strongly committed to returning inflation to its 2 percent objective.+]"
2022-05-04,2022-06-15,guidance,changed,1,1,[-Committee’s-] [+Committee's+]
2022-05-04,2022-06-15,vote_for,changed,39,3,"[-Esther L. George;-] [+Lisa D. Cook;+] [+Philip N. Jefferson;+] [+Voting against this action was Esther L. George, who preferred at this meeting to raise the target range for the federal funds rate by 0.5 percentage point to 1-1/4 percent to 1-1/2 percent.+]"
2022-05-04,2022-06-15,unclassified#1,removed,0,11,[-Plans for Reducing the Size of the Federal Reserve's Balance Sheet-]
2022-06-15,2022-07-27,economy,changed,11,15,"[-Overall economic activity appears to-] [+Recent indicators of spending and production+] [-picked up after edging down in the first quarter. Job-] [+softened. Nonetheless, job+] [+food and+]"
2022-06-15,2022-07-27,unclassified,changed,4,19,"[-The invasion of-] [+Russia's war against+] [-by Russia-] [-invasion-] [+war+] [-In addition, COVID-related lockdowns in China are likely to exacerbate supply chain disruptions.-]"
2022-06-15,2022-07-27,policy,changed,2,2,[-1‑1/2-] [+2-1/4+] [-1-3/4-] [+2-1/2+]
2022-06-15,2022-07-27,guidance,unchanged,0,0,
2022-06-15,2022-07-27,vote_for,changed,9,45,"[+Michael S. Barr;+] [+Susan M. Collins;+] [-Patrick Harker;-] [+Esther L. George;+] [-Voting against this action was Esther L. George, who preferred at this meeting to raise the target range for the federal funds rate by 0.5 percentage point to 1-1/4 percent to 1-1/2 percent. Patrick Harker voted as an alternate member at this meeting.-]"
2022-07-27,2022-09-21,economy,changed,7,6,"[-of-] [+point to modest growth in+] [-production have softened. Nonetheless, job-] [+production. Job+]"
2022-07-27,2022-09-21,unclassified,unchanged,0,0,
2022-07-27,2022-09-21,policy,changed,2,2,[-2-1/4-] [+3+] [-2-1/2-] [+3-1/4+]
2022-07-27,2022-09-21,guidance,unchanged,0,0,
2022-07-27,2022-09-21,vote_for,unchanged,0,0,
2022-09-21,2022-11-02,economy,unchanged,0,0,
2022-09-21,2022-11-02,unclassified,unchanged,0,0,
2022-09-21,2022-11-02,policy,changed,66,5,"[-3-] [+3-3/4+] [-3-1/4 percent and-] [+4 percent. The Committee+] [-appropriate.-] [+appropriate in order to attain a stance of monetary policy that is sufficiently restrictive to return inflation to 2 percent over time. In determining the pace of future increases in the target range, the Committee will take into account the cumulative tightening of monetary policy, the lags with which monetary policy affects economic activity and inflation, and economic and financial developments.+]"
2022-09-21,2022-11-02,guidance,unchanged,0,0,
2022-09-21,2022-11-02,vote_for,unchanged,0,0,
2022-11-02,2022-12-14,economy,unchanged,0,0,
2022-11-02,2022-12-14,unclassified,changed,2,2,[-creating additional-] [+contributing to+]
2022-11-02,2022-12-14,policy,changed,2,2,[-3-3/4-] [+4-1/4+] [-4-] [+4-1/2+]
2022-11-02,2022-12-14,guidance,unchanged,0,0,
2022-11-02,2022-12-14,vote_for,unchanged,0,0,
2022-12-14,2023-02-01,economy,changed,5,19,"[+has eased somewhat but+] [-elevated, reflecting supply and demand imbalances related to the pandemic, higher food and energy prices, and broader price pressures.-] [+elevated.+]"
2022-12-14,2023-02-01,unclassified,changed,4,16,[-hardship. The war-] [+hardship+] [-related events are-] [+is+] [-upward pressure on inflation and are weighing on-] [+elevated+] [-economic activity.-] [+uncertainty.+]
2022-12-14,2023-02-01,policy,changed,7,20,[-4-1/4-] [+4-1/2+] [-4-1/2-] [+4-3/4+] [-pace-] [+extent+] [-the Plans for Reducing the Size of the Federal Reserve's Balance Sheet that were issued in May.-] [+its previously announced plans.+]
2022-12-14,2023-02-01,guidance,changed,0,2,"[-public health,-]"
2022-12-14,2023-02-01,vote_for,changed,10,11,[-James Bullard; Susan M. Collins;-] [-Esther L. George;-] [+Austan D. Goolsbee; Patrick Harker;+] [-Loretta J. Mester;-] [+Neel Kashkari; Lorie K. Logan;+]
2023-02-01,2023-03-22,economy,changed,9,7,"[-been robust-] [+picked up+] [-months,-] [+months+] [+are running at a robust pace;+] [-has eased somewhat but-]"
2023-02-01,2023-03-22,unclassified,changed,34,14,"[-Russia's war against Ukraine-] [+The U.S. banking system+] [-causing tremendous human-] [+sound+] [+resilient. Recent developments are likely to result in tighter credit conditions for households and businesses and to weigh on+] [-hardship-] [+activity, hiring,+] [+inflation. The extent of these effects+] [-contributing to elevated global uncertainty.-] [+uncertain.+] [-is-] [+remains+]"
2023-02-01,2023-03-22,policy,changed,21,9,[-4-1/2-] [+4-3/4+] [-4-3/4-] [+5+] [+The Committee will closely monitor incoming information and assess the implications for monetary policy.+] [-ongoing increases in the target range will-] [+some additional policy firming may+]
2023-02-01,2023-03-22,guidance,unchanged,0,0,
2023-02-01,2023-03-22,vote_for,changed,0,2,[-Lael Brainard;-]
2023-03-22,2023-05-03,economy,changed,12,17,"[-Recent indicators point to-] [+Economic activity expanded at a+] [-growth-] [+pace+] [-spending and production.-] [+the first quarter.+] [-picked up-] [+been robust+] [-months-] [+months,+] [-are running at a robust pace;-]"
2023-03-22,2023-05-03,unclassified,changed,4,10,[-Recent developments are likely to result in tighter-] [+Tighter+] [-and-] [+are likely+] [-is-] [+remains+]
2023-03-22,2023-05-03,policy,changed,9,32,"[-4-3/4-] [+5+] [-5-] [+5-1/4+] [-The Committee anticipates that some-] [+In determining the extent to which+] [-in order to attain a stance of monetary policy that is sufficiently restrictive-] [-time. In determining the extent of future increases in the target range,-] [+time,+]"
2023-03-22,2023-05-03,guidance,unchanged,0,0,
2023-03-22,2023-05-03,vote_for,unchanged,0,0,
2023-05-03,2023-06-14,economy,changed,10,7,[-Economic-] [+Recent indicators suggest that economic+] [-expanded-] [+has continued to expand+] [-pace in the first quarter.-] [+pace.+]
2023-05-03,2023-06-14,unclassified,unchanged,0,0,
2023-05-03,2023-06-14,policy,changed,18,11,[-raise-] [+maintain+] [-to-] [+at+] [-The-] [+Holding the target range steady at this meeting allows the+] [-will closely monitor incoming-] [+to assess additional+] [-assess the-] [+its+] [-to which-] [+of+] [+that+]
2023-05-03,2023-06-14,guidance,unchanged,0,0,
2023-05-03,2023-06-14,vote_for,unchanged,0,0,
2023-06-14,2023-07-26,economy,changed,3,4,[-continued to expand-] [+been expanding+] [-modest-] [+moderate+]
2023-06-14,2023-07-26,unclassified,unchanged,0,0,
2023-06-14,2023-07-26,policy,changed,6,13,[-maintain-] [+raise+] [-at 5-] [+to 5-1/2+] [-Holding the target range steady at this meeting allows the-] [+The+] [+will continue+]
2023-06-14,2023-07-26,guidance,unchanged,0,0,
2023-06-14,2023-07-26,vote_for,unchanged,0,0,
2023-07-26,2023-09-20,economy,changed,6,4,"[-moderate-] [+solid+] [-been robust-] [+slowed+] [-months,-] [+months but remain strong,+]"
2023-07-26,2023-09-20,unclassified,unchanged,0,0,
2023-07-26,2023-09-20,policy,changed,2,2,[-raise-] [+maintain+] [-to-] [+at+]
2023-07-26,2023-09-20,guidance,unchanged,0,0,
2023-07-26,2023-09-20,vote_for,changed,3,0,[+Adriana D. Kugler;+]
2023-09-20,2023-11-01,economy,changed,12,8,[-has been expanding-] [+expanded+] [-solid pace.-] [+strong pace in the third quarter.+] [-slowed-] [+moderated since earlier+] [-recent months-] [+the year+]
2023-09-20,2023-11-01,unclassified,changed,2,0,[+financial and+]
2023-09-20,2023-11-01,policy,unchanged,0,0,
2023-09-20,2023-11-01,guidance,unchanged,0,0,
2023-09-20,2023-11-01,vote_for,unchanged,0,0,
2023-11-01,2023-12-13,economy,changed,13,3,[+growth of+] [-expanded at a-] [+has slowed from its+] [+has eased over the past year but+]
2023-11-01,2023-12-13,unclassified,unchanged,0,0,
2023-11-01,2023-12-13,policy,changed,1,0,[+any+]
2023-11-01,2023-12-13,guidance,unchanged,0,0,
2023-11-01,2023-12-13,vote_for,unchanged,0,0,
2023-12-13,2024-01-31,economy,changed,8,14,[-growth of-] [-slowed from its strong pace in the third quarter.-] [+been expanding at a solid pace.+] [-earlier in the-] [+early last+]
2023-12-13,2024-01-31,unclassified,removed,0,42,"[-The U.S. banking system is sound and resilient. Tighter financial and credit conditions for households and businesses are likely to weigh on economic activity, hiring, and inflation. The extent of these effects remains uncertain. The Committee remains highly attentive to inflation risks.-]"
2023-12-13,2024-01-31,policy,changed,49,75,"[-The Committee seeks to achieve maximum employment and inflation at the rate of 2 percent over the longer run.-] [-these-] [+its+] [+In considering any adjustments to the target range for the federal funds rate, the Committee will carefully assess incoming data, the evolving outlook, and the balance of risks.+] [+does not expect it+] [-continue to assess additional information and its implications for monetary policy. In determining the extent of any additional policy firming that may-] [-return-] [+reduce the target range until it has gained greater confidence that+] [-to-] [+is moving sustainably toward+] [-percent over time, the Committee will take into account the cumulative tightening of monetary policy, the lags with which monetary policy affects economic activity and inflation, and economic and financial developments.-] [+percent.+]"
2023-12-13,2024-01-31,guidance,unchanged,0,0,
2023-12-13,2024-01-31,vote_for,changed,12,10,[+Thomas I. Barkin;+] [+Raphael W. Bostic;+] [-Austan D. Goolsbee; Patrick Harker;-] [+Mary C. Daly;+] [-Neel Kashkari;-] [-Lorie K. Logan;-] [+Loretta J. Mester;+]
2023-12-13,2024-01-31,mandate,added,51,0,"[+The Committee seeks to achieve maximum employment and inflation at the rate of 2 percent over the longer run. The Committee judges that the risks to achieving its employment and inflation goals are moving into better balance. The economic outlook is uncertain, and the Committee remains highly attentive to inflation risks.+]"
2024-01-31,2024-03-20,economy,changed,1,7,[-moderated since early last year but remain-] [+remained+]
2024-01-31,2024-03-20,mandate,unchanged,0,0,
2024-01-31,2024-03-20,policy,unchanged,0,0,
2024-01-31,2024-03-20,guidance,unchanged,0,0,
2024-01-31,2024-03-20,vote_for,unchanged,0,0,
2024-03-20,2024-05-01,economy,changed,21,2,"[-been expanding-] [+continued to expand+] [+In recent months, there has been a lack of further progress toward the Committee's 2 percent inflation objective.+]"
2024-03-20,2024-05-01,mandate,changed,8,4,[-are moving into-] [+have moved toward+] [-balance.-] [+balance over the past year.+]
2024-03-20,2024-05-01,policy,changed,62,7,"[-mortgage-backed securities, as described-] [+mortgage‑backed securities. Beginning+] [+June, the Committee will slow the pace of decline of+] [-previously announced plans.-] [+securities holdings by reducing the monthly redemption cap on Treasury securities from $60 billion to $25 billion. The Committee will maintain the monthly redemption cap on agency debt and agency mortgage‑backed securities at $35 billion and will reinvest any principal payments in excess of this cap into Treasury securities.+]"
2024-03-20,2024-05-01,guidance,unchanged,0,0,
2024-03-20,2024-05-01,vote_for,unchanged,0,0,
2024-05-01,2024-06-12,economy,changed,1,3,[-a lack of-] [+modest+]
2024-05-01,2024-06-12,mandate,unchanged,0,0,
2024-05-01,2024-06-12,policy,changed,0,62,"[-Beginning in June, the Committee will slow the pace of decline of its securities holdings by reducing the monthly redemption cap on Treasury securities from $60 billion to $25 billion. The Committee will maintain the monthly redemption cap on agency debt and agency mortgage‑backed securities at $35 billion and will reinvest any principal payments in excess of this cap into Treasury securities.-]"
2024-05-01,2024-06-12,guidance,unchanged,0,0,
2024-05-01,2024-06-12,vote_for,unchanged,0,0,
2024-06-12,2024-07-31,economy,changed,7,4,"[-remained strong,-] [+moderated,+] [-remained-] [+moved up but remains+] [+somewhat+] [-modest-] [+some+]"
2024-06-12,2024-07-31,mandate,changed,15,12,[-have moved toward-] [+continue to move into+] [-balance over the past year.-] [+balance.+] [-remains highly-] [+is+] [-inflation risks.-] [+the risks to both sides of its dual mandate.+]
2024-06-12,2024-07-31,policy,unchanged,0,0,
2024-06-12,2024-07-31,guidance,unchanged,0,0,
2024-06-12,2024-07-31,vote_for,changed,14,3,[+Austan D. Goolsbee;+] [-Loretta J. Mester;-] [+Austan D. Goolsbee voted as an alternate member at this meeting.+]
2024-07-31,2024-09-18,economy,changed,7,19,"[-moderated,-] [+slowed,+] [-eased over the past year but remains somewhat elevated. In recent months, there has been some-] [+made+] [-inflation objective.-] [+objective but remains somewhat elevated.+]"
2024-07-31,2024-09-18,mandate,changed,16,5,"[+has gained greater confidence that inflation is moving sustainably toward 2 percent, and+] [-continue to move into better-] [+are roughly in+]"
2024-07-31,2024-09-18,policy,changed,23,38,"[-support-] [+light+] [-its goals,-] [+the progress on inflation and the balance of risks,+] [-maintain-] [+lower+] [-at 5-1/4-] [+by 1/2 percentage point+] [-5-1/2-] [+4-3/4 to 5+] [-any-] [+additional+] [-does not expect it will be appropriate to reduce the target range until it has gained greater confidence that inflation is moving sustainably toward 2 percent. In addition, the Committee-] [+supporting maximum employment and+]"
2024-07-31,2024-09-18,guidance,unchanged,0,0,
2024-07-31,2024-09-18,vote_for,changed,27,14,"[-Michelle W. Bowman;-] [-Austan D. Goolsbee;-] [+Beth M. Hammack;+] [-Austan D. Goolsbee voted as an alternate member-] [+Voting against this action was Michelle W. Bowman, who preferred to lower the target range for the federal funds rate by 1/4 percentage point+]"
2024-09-18,2024-11-07,economy,changed,10,4,"[-Job gains-] [+Since earlier in the year, labor market conditions+] [-slowed,-] [+generally eased,+] [-further-]"
2024-09-18,2024-11-07,mandate,changed,0,13,"[-has gained greater confidence that inflation is moving sustainably toward 2 percent, and-]"
2024-09-18,2024-11-07,policy,changed,6,13,"[-light-] [+support+] [-the progress on inflation and the balance of risks,-] [+its goals,+] [-1/2-] [+1/4+] [+4-1/2 to+] [-to 5-]"
2024-09-18,2024-11-07,guidance,unchanged,0,0,
2024-09-18,2024-11-07,vote_for,changed,3,27,"[+Michelle W. Bowman;+] [-Voting against this action was Michelle W. Bowman, who preferred to lower the target range for the federal funds rate by 1/4 percentage point at this meeting.-]"
2024-11-07,2024-12-18,economy,unchanged,0,0,
2024-11-07,2024-12-18,mandate,unchanged,0,0,
2024-11-07,2024-12-18,policy,changed,7,2,[+4-1/4 to+] [-to 4-3/4-] [+the extent and timing of+]
2024-11-07,2024-12-18,guidance,unchanged,0,0,
2024-11-07,2024-12-18,vote_for,changed,25,3,"[-Beth M. Hammack;-] [+Voting against the action was Beth M. Hammack, who preferred to maintain the target range for the federal funds rate at 4-1/2 to 4-3/4 percent.+]"
2024-12-18,2025-01-29,economy,changed,14,27,"[-Since earlier-] [+The unemployment rate has stabilized at a low level+] [-the year,-] [+recent months, and+] [-have generally eased, and the unemployment rate has moved up but remains low.-] [+remain solid.+] [-has made progress toward the Committee's 2 percent objective but-]"
2024-12-18,2025-01-29,mandate,unchanged,0,0,
2024-12-18,2025-01-29,policy,changed,2,6,[-lower-] [+maintain+] [-by 1/4 percentage point to-] [+at+]
2024-12-18,2025-01-29,guidance,unchanged,0,0,
2024-12-18,2025-01-29,vote_for,changed,12,34,"[-Thomas I. Barkin;-] [-Raphael W. Bostic;-] [+Susan M. Collins;+] [-Mary C. Daly;-] [+Austan D. Goolsbee;+] [+Alberto G. Musalem; Jeffrey R. Schmid;+] [-Voting against the action was Beth M. Hammack, who preferred to maintain the target range for the federal funds rate at 4-1/2 to 4-3/4 percent.-]"
2025-01-29,2025-03-19,economy,unchanged,0,0,
2025-01-29,2025-03-19,mandate,changed,5,21,"[-The Committee judges that-] [+Uncertainty around+] [-risks to achieving its employment and inflation goals are roughly in balance. The-] [-is uncertain, and the-] [+has increased. The+]"
2025-01-29,2025-03-19,policy,changed,48,0,"[+Beginning in April, the Committee will slow the pace of decline of its securities holdings by reducing the monthly redemption cap on Treasury securities from $25 billion to $5 billion. The Committee will maintain the monthly redemption cap on agency debt and agency mortgage-backed securities at $35 billion.+]"
2025-01-29,2025-03-19,guidance,unchanged,0,0,
2025-01-29,2025-03-19,vote_for,changed,30,3,"[+and+] [-Schmid; and-] [+Schmid. Voting against this action was+] [-Waller.-] [+Waller, who supported no change for the federal funds target range but preferred to continue the current pace of decline in securities holdings.+]"
2025-03-19,2025-05-07,economy,changed,10,1,"[-Recent-] [+Although swings in net exports have affected the data, recent+]"
2025-03-19,2025-05-07,mandate,changed,17,3,[-around-] [+about+] [-increased.-] [+increased further.+] [-mandate.-] [+mandate and judges that the risks of higher unemployment and higher inflation have risen.+]
2025-03-19,2025-05-07,policy,changed,0,48,"[-Beginning in April, the Committee will slow the pace of decline of its securities holdings by reducing the monthly redemption cap on Treasury securities from $25 billion to $5 billion. The Committee will maintain the monthly redemption cap on agency debt and agency mortgage-backed securities at $35 billion.-]"
2025-03-19,2025-05-07,guidance,unchanged,0,0,
2025-03-19,2025-05-07,vote_for,changed,13,31,"[+Neel Kashkari;+] [-Jeffrey R. Schmid. Voting against this action was-] [-Waller, who supported no change for the federal funds target range but preferred to continue the current pace of decline in securities holdings.-] [+Waller. Neel Kashkari voted as an alternate member at this meeting.+]"
2025-05-07,2025-06-18,economy,changed,2,9,"[-has stabilized at a low level in recent months,-] [+remains low,+]"
2025-05-07,2025-06-18,mandate,changed,5,16,[-increased further.-] [+diminished but remains elevated.+] [-mandate and judges that the risks of higher unemployment and higher inflation have risen.-] [+mandate.+]
2025-05-07,2025-06-18,policy,unchanged,0,0,
2025-05-07,2025-06-18,guidance,unchanged,0,0,
2025-05-07,2025-06-18,vote_for,changed,3,12,[-Neel Kashkari;-] [+Jeffrey R. Schmid;+] [-Neel Kashkari voted as an alternate member at this meeting.-]
2025-06-18,2025-07-30,economy,changed,13,10,[-have affected-] [+continue to affect+] [+growth of+] [-has continued to expand at a solid pace.-] [+moderated in the first half of the year.+]
2025-06-18,2025-07-30,mandate,changed,0,3,[-has diminished but-]
2025-06-18,2025-07-30,policy,unchanged,0,0,
2025-06-18,2025-07-30,guidance,unchanged,0,0,
2025-06-18,2025-07-30,vote_for,changed,38,8,"[-Michelle W. Bowman;-] [-Adriana D. Kugler;-] [+and+] [-Schmid;-] [+Schmid. Voting against this action were Michelle W. Bowman+] [-Waller.-] [+Waller, who preferred to lower the target range for the federal funds rate by 1/4 percentage point at this meeting. Absent and not voting was Adriana D. Kugler.+]"
2025-07-30,2025-09-17,economy,changed,16,19,"[-Although swings in net exports continue to affect the data, recent-] [+Recent+] [-The-] [+Job gains have slowed, and the+] [+has edged up but+] [-low,-] [+low. Inflation has moved up+] [-labor market conditions remain solid. Inflation-]"
2025-07-30,2025-09-17,mandate,changed,10,1,[-mandate.-] [+mandate and judges that downside risks to employment have risen.+]
2025-07-30,2025-09-17,policy,changed,20,10,"[-goals,-] [+goals and in light of the shift in the balance of risks,+] [-maintain-] [+lower+] [-at 4-1/4-] [+by 1/4 percentage point+] [-4-1/2-] [+4 to 4‑1/4+] [-the extent and timing of-]"
2025-07-30,2025-09-17,guidance,unchanged,0,0,
2025-07-30,2025-09-17,vote_for,changed,13,19,"[+Michelle W. Bowman;+] [-and-] [-Schmid.-] [+Schmid; and Christopher J. Waller.+] [-were Michelle W. Bowman and Christopher J. Waller,-] [+was Stephen I. Miran,+] [-1/4-] [+1/2+] [-Absent and not voting was Adriana D. Kugler.-]"
2025-09-17,2025-10-29,economy,changed,28,14,"[-Recent-] [+Available+] [-growth of-] [-moderated in the first half of the year.-] [+has been expanding at a moderate pace.+] [-slowed,-] [+slowed this year,+] [-remains low.-] [+remained low through August; more recent indicators are consistent with these developments.+] [+since earlier in the year+]"
2025-09-17,2025-10-29,mandate,changed,4,2,[-have risen.-] [+rose in recent months.+]
2025-09-17,2025-10-29,policy,changed,13,15,[+3-3/4 to+] [-to 4‑1/4-] [-will continue reducing-] [+decided to conclude the reduction of+] [+aggregate securities+] [-of Treasury securities and agency debt and agency mortgage‑backed securities.-] [+on December 1.+]
2025-09-17,2025-10-29,guidance,unchanged,0,0,
2025-09-17,2025-10-29,vote_for,changed,21,4,"[-Jeffrey R. Schmid;-] [-was-] [+were+] [+meeting, and Jeffrey R. Schmid, who preferred no change to the target range for the federal funds rate at this+]"
2025-10-29,2025-12-10,economy,changed,2,5,[-but remained low-] [-August; more-] [+September. More+]
2025-10-29,2025-12-10,mandate,unchanged,0,0,
2025-10-29,2025-12-10,policy,changed,7,17,[-3-3/4-] [+3-1/2+] [-4-] [+3‑3/4+] [+the extent and timing of+] [-decided to conclude the reduction of its aggregate securities holdings on December 1. The Committee-]
2025-10-29,2025-12-10,guidance,unchanged,0,0,
2025-10-29,2025-12-10,vote_for,changed,5,4,"[-Austan D. Goolsbee;-] [-meeting,-] [+meeting; and Austan D. Goolsbee+]"
2025-10-29,2025-12-10,unclassified,added,32,0,[+The Committee judges that reserve balances have declined to ample levels and will initiate purchases of shorter-term Treasury securities as needed to maintain an ample supply of reserves on an ongoing basis.+]
2025-12-10,2026-01-28,economy,changed,8,25,"[-moderate-] [+solid+] [-slowed this year,-] [+remained low,+] [-edged up through September. More recent indicators are consistent with these developments.-] [+shown some signs of stabilization.+] [-has moved up since earlier in the year and-]"
2025-12-10,2026-01-28,mandate,changed,1,12,[-mandate and judges that downside risks to employment rose in recent months.-] [+mandate.+]
2025-12-10,2026-01-28,policy,changed,4,19,"[-goals and in light of the shift in the balance of risks,-] [+goals,+] [-lower-] [+maintain+] [-by 1/4 percentage point to 3-1/2-] [+at 3‑1/2+]"
2025-12-10,2026-01-28,guidance,unchanged,0,0,
2025-12-10,2026-01-28,unclassified,removed,0,32,[-The Committee judges that reserve balances have declined to ample levels and will initiate purchases of shorter-term Treasury securities as needed to maintain an ample supply of reserves on an ongoing basis.-]
2025-12-10,2026-01-28,vote_for,changed,16,35,"[-Susan M. Collins;-] [+Beth M. Hammack;+] [-Alberto G. Musalem;-] [+Neel Kashkari; Lorie K. Logan;+] [-Christopher J. Waller.-] [+Anna Paulson.+] [-Miran,-] [+Miran and Christopher J. Waller,+] [-1/2-] [+1/4+] [-meeting; and Austan D. Goolsbee and Jeffrey R. Schmid, who preferred no change to the target range for the federal funds rate at this-]"
2026-01-28,2026-03-18,economy,changed,6,5,[-shown some signs of stabilization.-] [+been little changed in recent months.+]
2026-01-28,2026-03-18,mandate,changed,14,0,[+implications of developments in the Middle East for the U.S. economy are uncertain. The+]
2026-01-28,2026-03-18,policy,unchanged,0,0,
2026-01-28,2026-03-18,guidance,unchanged,0,0,
2026-01-28,2026-03-18,vote_for,changed,7,8,"[+Anna Paulson;+] [-Anna Paulson.-] [+Christopher J. Waller.+] [-were-] [+was+] [-Miran and Christopher J. Waller,-] [+Miran,+]"
2026-03-18,2026-04-29,economy,changed,15,4,"[-Available-] [+Recent+] [+on average,+] [-remains somewhat elevated.-] [+is elevated, in part reflecting the recent increase in global energy prices.+]"
2026-03-18,2026-04-29,mandate,changed,12,16,[-Uncertainty about the economic outlook remains elevated. The implications of developments-] [+Developments+] [-for-] [+are contributing to a high level of uncertainty about+] [-U.S. economy are uncertain.-] [+economic outlook.+]
2026-03-18,2026-04-29,policy,unchanged,0,0,
2026-03-18,2026-04-29,guidance,unchanged,0,0,
2026-03-18,2026-04-29,vote_for,changed,38,10,"[-Beth M. Hammack;-] [-Neel Kashkari; Lorie K. Logan;-] [-was-] [+were+] [-meeting.-] [+meeting; and Beth M. Hammack, Neel Kashkari, and Lorie K. Logan, who supported maintaining the target range for the federal funds rate but did not support inclusion of an easing bias in the statement at this time.+]"
2026-04-29,2026-06-17,economy,changed,30,30,"[-Recent indicators suggest that economic-] [+Economic+] [-has been-] [+is+] [-pace.-] [+pace despite elevated uncertainty that owes, in part, to the conflict in the Middle East. Productivity growth and capital investment are strong.+] [-remained low, on average,-] [+kept pace with the workforce,+] [-been little-] [-in recent months. Inflation is elevated, in part reflecting the recent increase in global energy prices.-] [+little.+]"
2026-04-29,2026-06-17,mandate,removed,0,50,[-The Committee seeks to achieve maximum employment and inflation at the rate of 2 percent over the longer run. Developments in the Middle East are contributing to a high level of uncertainty about the economic outlook. The Committee is attentive to the risks to both sides of its dual mandate.-]
2026-04-29,2026-06-17,policy,changed,21,55,"[-In support of its goals, the-] [+The+] [-3‑1/2-] [+3-1/2+] [-3‑3/4 percent. In considering-] [+3-3/4 percent, in support of+] [-extent and timing of additional adjustments to the target range for the federal funds rate, the Committee will carefully assess incoming data, the evolving outlook, and the balance of risks.-] [+Federal Reserve's dual mandate.+] [-is strongly committed to supporting maximum employment and returning inflation to-] [+reaffirmed+] [-2 percent objective.-] [+policy of maintaining ample reserves in the banking system.+]"
2026-04-29,2026-06-17,guidance,removed,0,77,"[-In assessing the appropriate stance of monetary policy, the Committee will continue to monitor the implications of incoming information for the economic outlook. The Committee would be prepared to adjust the stance of monetary policy as appropriate if risks emerge that could impede the attainment of the Committee's goals. The Committee's assessments will take into account a wide range of information, including readings on labor market conditions, inflation pressures and inflation expectations, and financial and international developments.-]"
2026-04-29,2026-06-17,vote_for,removed,0,97,"[-Voting for the monetary policy action were Jerome H. Powell, Chair; John C. Williams, Vice Chair; Michael S. Barr; Michelle W. Bowman; Lisa D. Cook; Philip N. Jefferson; Anna Paulson; and Christopher J. Waller. Voting against this action were Stephen I. Miran, who preferred to lower the target range for the federal funds rate by 1/4 percentage point at this meeting; and Beth M. Hammack, Neel Kashkari, and Lorie K. Logan, who supported maintaining the target range for the federal funds rate but did not support inclusion of an easing bias in the statement at this time.-]"
2026-04-29,2026-06-17,vote,added,17,0,[+The Federal Open Market Committee approved the following statement for release by a 12 – 0 vote:+]
2026-04-29,2026-06-17,inflation,added,31,0,"[+Inflation remains elevated relative to the Committee's 2 percent goal, in part reflecting supply shocks that have driven price increases in certain sectors, including energy. The Committee will deliver price stability.+]"
2026-06-17,2026-07-29,vote,changed,2,2,[-12-] [+9+] [-0-] [+3+]
2026-06-17,2026-07-29,policy,changed,2,1,[-reaffirmed-] [+is continuing+]
2026-06-17,2026-07-29,economy,unchanged,0,0,
2026-06-17,2026-07-29,inflation,unchanged,0,0,
2026-06-17,2026-07-29,vote_against,added,35,0,"[+Voting against the monetary policy action were Beth M. Hammack, Neel Kashkari, and Lorie K. Logan, who preferred to raise the target range for the federal funds rate by 1/4 percentage point at this meeting.+]"
2026-07-29,2026-09-16,vote,changed,2,2,[-9-] [+12+] [-3-] [+0+]
2026-07-29,2026-09-16,policy,changed,7,3,[-maintain-] [+raise+] [-at 3-1/2-] [+by 1/4 percentage point+] [+to 4+]
2026-07-29,2026-09-16,economy,changed,16,13,"[-pace despite-] [+pace. While uncertainty remains+] [-uncertainty that owes,-] [+owing,+] [-the conflict in the Middle East.-] [+geopolitical developments, domestic spending has been resilient.+] [+is strong,+] [-are strong.-] [+is robust.+]"
2026-07-29,2026-09-16,inflation,changed,10,18,"[-elevated relative-] [+elevated. Today's policy action will support a timelier return+] [-goal, in part reflecting supply shocks that have driven price increases in certain sectors, including energy.-] [+goal.+]"
2026-07-29,2026-09-16,vote_against,removed,0,35,"[-Voting against the monetary policy action were Beth M. Hammack, Neel Kashkari, and Lorie K. Logan, who preferred to raise the target range for the federal funds rate by 1/4 percentage point at this meeting.-]"
